day,date
1,20/05/2010
2,21/05/2010
3,22/05/2010
4,23/05/2010
5,24/05/2010
6,31/05/2010
7,11/12/2010
8,12/12/2010
9,13/12/2010
10,9/01/2011
11,21/01/2011
12,22/01/2011
13,23/01/2011
14,24/01/2011
15,25/01/2011
16,26/01/2011
17,27/01/2011
18,28/01/2011
19,29/01/2011
20,30/01/2011
21,10/09/2011
22,12/09/2011
23,13/09/2011
24,14/09/2011
25,10/12/2011
26,11/12/2011
27,12/12/2011
28,13/12/2011
29,14/12/2011
30,17/01/2012
31,18/01/2012
32,19/01/2012
33,20/01/2012
34,21/01/2012
35,22/01/2012
36,23/01/2012
37,24/01/2012
38,26/01/2012
39,27/01/2012
40,28/01/2012
41,31/05/2012
42,1/06/2012
43,2/06/2012
43,2/06/2012
