day,date,gal_l,gal_b,Source,RA,Dec,Epoch,Vp,Integration time,Phase Calibrator,Sp
1,20/05/2010,345.505,0.348,345.505+0.348,,,,-17.8,,1740-517,
1,20/05/2010,345.807,-0.044,345.807-0.044,,,,-2,,1740-517,
1,20/05/2010,348.892,-0.18,348.892-0.180,,,,1.5,,1740-517,
1,20/05/2010,349.884,0.231,349.884+0.231,,,,16.2,,1740-517,
1,20/05/2010,0.212,-0.001,000.212-0.001,,,,49.3,,1830-210,
1,20/05/2010,2.143,0.009,002.143+0.009,,,,62.7,,1830-210,
1,20/05/2010,8.832,-0.028,008.832-0.028,,,,-3.8,,1830-210,
1,20/05/2010,12.025,-0.025,012.025-0.025,,,,108.3,,1830-210,
1,20/05/2010,14.521,0.155,014.521+0.155,,,,4.1,,1830-210,
2,21/05/2010,346.036,0.048,346.036+0.048,,,,-6.4,,1740-517,
2,21/05/2010,347.628,0.149,347.628+0.149,,,,-96.5,,1740-517,
2,21/05/2010,346.517,0.117,346.517+0.117,,,,-1.7,,1740-517,
2,21/05/2010,351.581,-0.353,351.581-0.353,,,,-94.2,,1740-517,
2,21/05/2010,352.584,-0.185,352.584-0.185,,,,-85.6,,1740-517,
2,21/05/2010,359.436,-0.104,359.436-0.104,,,,-53.6,,1740-517,
2,21/05/2010,3.442,-0.348,003.442-0.348,,,,-35,,1830-210,
2,21/05/2010,5.618,-0.082,005.618-0.082,,,,-27,,1830-210,
2,21/05/2010,6.189,-0.358,006.189-0.358,,,,-30.2,,1830-210,
2,21/05/2010,10.629,-0.333,010.629-0.333,,,,-0.4,,1830-210,
3,22/05/2010,345.198,-0.03,345.198-0.030,,,,-0.6,,1740-517,
3,22/05/2010,346.481,0.132,346.481+0.132,,,,-5.6,,1740-517,
3,22/05/2010,352.604,-0.225,352.604-0.225,,,,-81.8,,1740-517,
3,22/05/2010,353.363,-0.166,353.363-0.166,,,,-79,,1740-517,
3,22/05/2010,9.619,0.193,009.619+0.193,,,,5.4,,1830-210,
3,22/05/2010,13.696,-0.156,013.696-0.156,,,,99.4,,1830-210,
3,22/05/2010,14.101,0.087,014.101+0.087,,,,15.4,,1830-210,
4,23/05/2010,345.441,0.205,345.441+0.205,,,,0.9,,1740-517,
4,23/05/2010,348.654,0.244,348.654+0.244,,,,16.9,,1740-517,
4,23/05/2010,348.723,-0.078,348.723-0.078,,,,11.5,,1740-517,
4,23/05/2010,349.067,-0.017,349.067-0.017,,,,11.6,,1740-517,
4,23/05/2010,349.151,0.021,349.151+0.021,,,,14.6,,1740-517,
4,23/05/2010,350.116,0.22,350.116+0.220,,,,4.2,,1740-517,
4,23/05/2010,350.776,0.138,350.776+0.138,,,,38.7,,1740-517,
4,23/05/2010,354.496,0.083,354.496+0.083,,,,26.9,,1740-517,
5,24/05/2010,345.576,-0.225,345.576-0.225,,,,-126.8,,1740-517,
5,24/05/2010,347.583,0.213,347.583+0.213,,,,-102.5,,1740-517,
5,24/05/2010,348.027,0.106,348.027+0.106,,,,-121.3,,1740-517,
5,24/05/2010,356.662,-0.263,356.662-0.263,,,,-53.8,,1740-517,
5,24/05/2010,358.809,-0.085,358.809-0.085,,,,-56.2,,1740-517,
5,24/05/2010,7.166,0.131,007.166+0.131,,,,85.7,,1830-210,
6,31/05/2010,285.263,-0.05,285.263-0.050,,,,0.7,,1039-47,
6,31/05/2010,318.948,-0.196,318.948-0.196,,,,-34.6,,1431-48,
6,31/05/2010,338.461,-0.245,338.461-0.245,,,,-51.8,,1740-517,
6,31/05/2010,337.258,-0.101,337.258-0.101,,,,-69.4,,1740-517,
6,31/05/2010,337.916,-0.477,337.916-0.477,,,,-37.9,,1740-517,
6,31/05/2010,338.28,0.542,338.280+0.542,,,,-56.7,,1740-517,
6,31/05/2010,12.216,-0.119,012.216-0.119,,,,25,,1830-210,
7,11/12/2010,345.003,-0.223,345.003-0.223,17 05 10.89, -41 29 06.2,J2000,-23.1,30,1740-517,193.4
7,11/12/2010,345.01,1.792,345.010+1.792,16 56 47.58, -40 14 25.8,J2000,-21,30,1740-517,243.2
7,11/12/2010,345.131,-0.174,345.131-0.174,17 05 23.24, -41 21 10.9,J2000,-28.9,30,1740-517,4.4
7,11/12/2010,345.407,-0.952,345.407-0.952,17 09 35.42, -41 35 57.1,J2000,-14.3,30,1740-517,2.1
7,11/12/2010,345.949,-0.268,345.949-0.268,17 08 23.64, -40 45 21.5,J2000,-21.9,30,1740-517,1.5
7,11/12/2010,347.817,0.018,347.817+0.018,17 12 58.05, -39 04 56.1,J2000,-24.1,30,1740-517,2.9
7,11/12/2010,347.902,0.052,347.902+0.052,17 13 05.11, -38 59 35.5,J2000,-27.4,30,1740-517,5.5
7,11/12/2010,348.195,0.768,348.195+0.768,17 11 00.20, -38 20 05.5,J2000,-0.8,30,1740-517,4.9
7,11/12/2010,348.55,-0.979,348.550-0.979,17 19 20.41, -39 03 51.6,J2000,-10.6,30,1740-517,36.4
7,11/12/2010,345.205,0.317,345.205+0.317,17 03 32.87, -40 59 46.6,J2000,-63.5,30,1740-517,2.2
7,11/12/2010,345.985,-0.02,345.985-0.020,17 07 27.58, -40 34 43.6,J2000,-83.2,30,1740-517,1.4
7,11/12/2010,346.231,0.119,346.231+0.119,17 07 39.09, -40 17 53.2,J2000,-95,30,1740-517,1.4
7,11/12/2010,347.23,0.016,347.230+0.016,17 11 11.18, -39 33 27.2,J2000,-68.9,30,1740-517,1.2
7,11/12/2010,348.884,0.096,348.884+0.096,17 15 50.13, -38 10 12.4,J2000,-74.5,30,1740-517,12.9
8,12/12/2010,348.617,-1.162,348.617-1.162,17 20 18.65, -39 06 50.8,J2000,-11.4,30,1740-517,44.3
8,12/12/2010,349.579,-0.679,349.579-0.679,17 21 05.44, -38 02 54.7,J2000,-25,30,1740-517,5.9
8,12/12/2010,350.011,-1.342,350.011-1.342,17 25 06.54, -38 04 00.7,J2000,-25.8,30,1740-517,2
8,12/12/2010,350.015,0.433,350.015+0.433,17 17 45.45, -37 03 11.9,J2000,-30.3,30,1740-517,9
8,12/12/2010,350.47,0.029,350.470+0.029,17 20 43.24, -36 54 46.6,J2000,-6.3,30,1740-517,1
8,12/12/2010,350.52,-0.35,350.520-0.350,17 22 25.32, -37 05 13.4,J2000,-24.6,30,1740-517,1
8,12/12/2010,351.161,0.697,351.161+0.697,17 19 57.50, -35 57 52.8,J2000,-5.2,30,1740-517,12
8,12/12/2010,351.417,0.645,351.417+0.645,17 20 53.37, -35 47 01.2,J2000,-10.4,30,1740-517,3506
8,12/12/2010,351.775,-0.536,351.775-0.536,17 26 42.57, -36 09 17.6,J2000,1.3,30,1740-517,311.3
8,12/12/2010,349.799,0.108,349.799+0.108,17 18 27.74, -37 25 03.5,J2000,-64.7,30,1740-517,2.1
8,12/12/2010,350.104,0.084,350.104+0.084,17 19 26.68, -37 10 53.1,J2000,-68.1,30,1740-517,14.6
8,12/12/2010,350.34,0.141,350.340+0.141,17 19 53.43, -36 57 18.8,J2000,-58.4,30,1740-517,2.4
8,12/12/2010,351.382,-0.181,351.382-0.181,17 24 09.58, -36 16 49.3,J2000,-59.7,30,1740-517,16.9
9,13/12/2010,352.133,-0.944,352.133-0.944,17 29 22.23, -36 05 00.2,J2000,-7.7,30,1740-517,15.7
9,13/12/2010,353.216,-0.249,353.216-0.249,17 29 27.80, -34 47 47.3,J2000,-22.9,30,1740-517,0.7
9,13/12/2010,353.273,0.641,353.273+0.641,17 26 01.58, -34 15 15.4,J2000,-4.4,30,1740-517,12.7
9,13/12/2010,5.885,-0.393,005.885-0.393,18 00 30.65, -24 04 03.4,J2000,6.7,30,1830-210,1.3
9,13/12/2010,6.881,0.093,006.881+0.093,18 00 49.38, -22 57 42.6,J2000,-2.1,30,1830-210,3.2
9,13/12/2010,8.139,0.226,008.139+0.226,18 03 00.75, -21 48 09.9,J2000,19.9,30,1830-210,5.2
9,13/12/2010,8.317,-0.096,008.317-0.096,18 04 36.02, -21 48 19.6,J2000,47.1,30,1830-210,3
9,13/12/2010,8.669,-0.356,008.669-0.356,18 06 18.99, -21 37 32.2,J2000,39,30,1830-210,10.5
9,13/12/2010,8.872,-0.493,008.872-0.493,18 07 15.34, -21 30 53.7,J2000,23.3,30,1830-210,27.4
9,13/12/2010,9.215,-0.202,009.215-0.202,18 06 52.84, -21 04 27.5,J2000,45.6,30,1830-210,9.2
9,13/12/2010,9.986,-0.028,009.986-0.028,18 07 50.12, -20 18 56.5,J2000,42.2,30,1830-210,70.2
9,13/12/2010,10.205,-0.345,010.205-0.345,18 09 28.43, -20 16 42.5,J2000,7.2,30,1830-210,1.3
9,13/12/2010,10.287,-0.125,010.287-0.125,18 08 49.36, -20 05 59.0,J2000,4.5,30,1830-210,8.3
9,13/12/2010,10.886,0.123,010.886+0.123,18 09 07.98, -19 27 21.8,J2000,17.2,30,1830-210,12.2
9,13/12/2010,11.497,-1.485,011.497-1.485,18 16 22.13, -19 41 27.1,J2000,6.7,30,1830-210,61.8
10,9/01/2011,344.419,0.044,344.419+0.044,17 02 08.62, -41 47 10.3,J2000,-63.5,30,1740-517,1.5
10,9/01/2011,352.517,-0.155,352.517-0.155,17 27 11.34, -35 19 32.4,J2000,-51.2,30,1740-517,9.4
10,9/01/2011,352.083,0.167,352.083+0.167,17 24 41.22, -35 30 18.6,J2000,-66,30,1740-517,5.8
10,9/01/2011,351.661,0.172,351.661+0.172,17 23 21.25, -35 53 32.4,J2000,-43.7,30,1740-517,4.1
10,9/01/2011,353.429,-0.09,353.429-0.090,17 29 23.48, -34 31 50.3,J2000,-61.8,30,1740-517,13
10,9/01/2011,353.464,0.562,353.464+0.562,17 26 51.53, -34 08 25.7,J2000,-50.3,30,1740-517,12.8
10,9/01/2011,11.903,-0.102,011.903-0.102,18 12 02.70, -18 40 24.7,J2000,33.8,30,1830-210,11.6
10,9/01/2011,11.936,-0.616,011.936-0.616,18 14 00.89, -18 53 26.6,J2000,32.2,30,1830-210,49.3
10,9/01/2011,11.936,-0.15,011.936-0.150,18 12 17.29, -18 40 02.6,J2000,48.4,30,1830-210,2.3
10,9/01/2011,12.526,0.016,012.526+0.016,18 12 52.04, -18 04 13.6,J2000,42.5,30,1830-210,3.3
10,9/01/2011,12.776,0.128,012.776+0.128,18 12 57.57, -17 47 49.2,J2000,32.9,30,1830-210,0.9
10,9/01/2011,12.889,0.489,012.889+0.489,18 11 51.40, -17 31 29.6,J2000,39.2,30,1830-210,78.9
11,21/01/2011,330.283,0.493,330.283+0.493,16 03 43.06, -51 51 48.3,J2000,-88.6,30,1613-586,4.9
11,21/01/2011,330.226,0.29,330.226+0.290,16 04 18.94, -52 03 12.8,J2000,-75.4,30,1613-586,1.9
11,21/01/2011,331.059,0.375,331.059+0.375,16 07 56.84, -51 25 59.8,J2000,-82,30,1613-586,3.2
11,21/01/2011,331.134,0.156,331.134+0.156,16 09 15.17, -51 32 38.7,J2000,-72.2,30,1613-586,2
11,21/01/2011,331.71,0.603,331.710+0.603,16 10 01.77, -50 49 32.3,J2000,-73.3,30,1613-586,13
11,21/01/2011,331.425,0.264,331.425+0.264,16 10 09.36, -51 16 04.5,J2000,-88.8,25 on day 11 plus 6 on day 12,1613-586,18.8
11,21/01/2011,331.12,-0.118,331.120-0.118,16 10 23.04, -51 45 20.6,J2000,-93.2,30,1613-586,2.5
11,21/01/2011,331.278,-0.188,331.278-0.188,16 11 26.59, -51 41 56.7,J2000,-78.1,30,1613-586,104.7
11,21/01/2011,331.437,-0.304,331.437-0.304,16 12 42.00, -51 40 30.9,J2000,-89.8,30 on day 11 plus 6 on day 12,1613-586,8
11,21/01/2011,333.163,-0.101,333.163-0.101,16 19 42.67, -50 19 53.2,J2000,-95.2,30,1613-586,11.8
11,21/01/2011,334.933,-0.307,334.933-0.307,16 28 18.81, -49 12 57.6,J2000,-102.7,30,1613-586,6
11,21/01/2011,336.358,-0.137,336.358-0.137,16 33 29.17, -48 03 43.9,J2000,-73.5,30,1613-586,13.2
11,21/01/2011,336.809,0.119,336.809+0.119,16 34 11.11, -47 33 35.3,J2000,-81.7,30,1613-586,4.8
11,21/01/2011,336.864,0.005,336.864+0.005,16 34 54.44, -47 35 37.3,J2000,-76,30,1613-586,66.2
11,21/01/2011,336.983,-0.183,336.983-0.183,16 36 12.41, -47 37 58.2,J2000,-80.7,30,1613-586,14.9
11,21/01/2011,337.686,0.137,337.686+0.137,16 37 35.42, -46 53 47.6,J2000,-74.9,30,1613-586,0.7
11,21/01/2011,337.3,-0.874,337.300-0.874,16 40 31.34, -47 51 32.1,J2000,-88.4,30,1613-586,2
11,21/01/2011,339.064,0.152,339.064+0.152,16 42 49.56, -45 51 23.8,J2000,-85.6,30,1613-586,5.7
11,21/01/2011,337.613,-0.06,337.613-0.060,16 38 09.54, -47 04 59.9,J2000,-43,30 [also has 337.632-0.079 in field (vel -56.9)],1613-586,19.5
11,21/01/2011,339.476,0.185,339.476+0.185,16 44 13.79, -45 31 24.8,J2000,-87.3,30,1613-586,4.5
12,22/01/2011,339.582,-0.127,339.582-0.127,16 45 58.82, -45 38 47.2,J2000,-32.8,"30, also has 339.622-0.121 in field (vel -35.7)",1740-517,5.6
12,22/01/2011,340.118,-0.021,340.118-0.021,16 47 30.00, -45 10 12.1,J2000,-123.3,"30, check this one for 340.249-0.046",1740-517,1.1
12,22/01/2011,340.054,-0.244,340.054-0.244,16 48 13.89, -45 21 43.3,J2000,-59.7,30,1740-517,45.9
12,22/01/2011,339.949,-0.539,339.949-0.539,16 49 07.98, -45 37 58.3,J2000,-97.8,30,1740-517,70.5
12,22/01/2011,339.98,-0.538,339.980-0.538,16 49 14.73, -45 36 31.6,J2000,-89.5,30,1740-517,3
12,22/01/2011,340.249,-0.372,340.249-0.372,16 49 30.08, -45 17 44.4,J2000,-51.5,30,1740-517,0.8
12,22/01/2011,340.518,-0.152,340.518-0.152,16 49 31.36, -44 56 54.6,J2000,-48.2,30,1740-517,7.6
12,22/01/2011,340.785,-0.096,340.785-0.096,16 50 14.84, -44 42 26.3,J2000,-105.1,30,1740-517,119.9
12,22/01/2011,340.655,-0.235,340.655-0.235,16 50 22.89, -44 53 48.1,J2000,-21.6,30,1740-517,1.2
12,22/01/2011,341.367,0.336,341.367+0.336,16 50 28.22, -43 59 02.2,J2000,-80.5,30,1740-517,1.1
12,22/01/2011,339.681,-1.208,339.681-1.208,16 51 06.21, -46 16 02.8,J2000,-21.4,30,1740-517,70.2
12,22/01/2011,341.276,0.062,341.276+0.062,16 51 19.41, -44 13 44.5,J2000,-70.5,30,1740-517,5
12,22/01/2011,342.446,-0.072,342.446-0.072,16 55 59.94, -43 24 22.5,J2000,-20.2,30(last 6 at low el <20),1740-517,1.6
12,22/01/2011,342.954,-0.019,342.954-0.019,16 57 30.66, -42 58 34.8,J2000,-4.1,30(last 6 at low el <20),1740-517,2.1
12,22/01/2011,344.227,-0.569,344.227-0.569,17 04 07.78, -42 18 39.5,J2000,-19.8,30(last 6 at el <20 + no ant 3 if2) plus 6 [no ant 2] on day 13,1740-517,83.6
12,22/01/2011,353.378,0.438,353.378+0.438,17 27 07.59, -34 16 50.5,J2000,-15.7,30(last 6 at el <20 + no ant 3 if2) plus 6 [no ant 2] on day 13,1740-517,1.1
12,22/01/2011,353.41,-0.36,353.410-0.360,17 30 26.18, -34 41 45.6,J2000,-20.3,30(last 6 at el <20 + no ant 3 if2) plus 6 [no ant 2] on day 13,1740-517,109.1
12,22/01/2011,354.615,0.472,354.615+0.472,17 30 17.13, -33 13 55.1,J2000,-24.4,27(last 6 at el <20 + no ant 3 if2) plus 6 [no ant 2] on day 13,1740-517,185.8
12,22/01/2011,354.206,-0.038,354.206-0.038,17 31 15.01, -33 51 15.1,J2000,-37.1,24 plus 6 [no ant 2] on day 13,1740-517,1.4
13,23/01/2011,337.176,-0.032,337.176-0.032,16 36 18.84, -47 23 19.8,J2000,-64.7,"18 [no ant 2], 12 [with ant 2]",1613-586,6.8
13,23/01/2011,337.388,-0.21,337.388-0.210,16 37 56.01, -47 21 01.2,J2000,-56.3,"18 [no ant 2], 12 [with ant 2]",1613-586,24.4
13,23/01/2011,337.966,-0.169,337.966-0.169,16 40 01.09, -46 53 34.5,J2000,-59.5,"18 [no ant 2], 12 [with ant 2]",1613-586,9.5
13,23/01/2011,338.16,-0.064,338.160-0.064,16 40 18.70, -46 40 37.8,J2000,-66.1,"18 [no ant 2], 12 [with ant 2]",1613-586,2.3
13,23/01/2011,338.85,0.409,338.850+0.409,16 40 54.29, -45 50 52.0,J2000,-55.7,"18 [no ant 2], 12 [with ant 2]",1613-586,1.4
13,23/01/2011,339.053,-0.315,339.053-0.315,16 44 48.99, -46 10 13.0,J2000,-111.7,"18 [no ant 2], 12 [with ant 2]",1613-586,126
13,23/01/2011,337.132,-0.068,337.132-0.068,16 36 17.67, -47 26 41.0,J2000,-60.5,"18 [no ant 2], 12 [with ant 2] plus 6 on day 12",1613-586,2.4
13,23/01/2011,337.153,-0.395,337.153-0.395,16 37 48.86, -47 38 56.5,J2000,-49.4,"18 [no ant 2], 12 [with ant 2] plus 6 on day 12",1613-586,22.1
13,23/01/2011,15.607,-2.55,015.607-2.550,18 19 59.34, -15 29 22.8,J2000,66,12 [no ant 2] 18 [with ant 2],1830-210,0.9
13,23/01/2011,15.665,-0.499,015.665-0.499,18 20 59.75, -15 33 10.0,J2000,-2.9,12 [no ant 2] 18 [with ant 2],1830-210,47.7
13,23/01/2011,16.112,-0.303,016.112-0.303,18 21 09.14, -15 04 00.6,J2000,34.5,12 [no ant 2] 18 [with ant 2],1830-210,2.2
13,23/01/2011,16.662,-0.331,016.662-0.331,18 22 19.46, -14 35 39.1,J2000,43,12 [no ant 2] 18 [with ant 2],1830-210,2.6
13,23/01/2011,16.831,0.079,016.831+0.079,18 21 09.53, -14 15 08.6,J2000,58.7,12 [no ant 2] 18 [with ant 2],1830-210,4.4
13,23/01/2011,16.855,0.641,016.855+0.641,18 19 09.57, -13 57 57.5,J2000,24.2,12 [no ant 2] 18 [with ant 2],1830-210,1.5
13,23/01/2011,16.864,-2.159,016.864-2.159,18 29 24.42, -15 16 04.5,J2000,14.6,"6 [no ant 2], 24 [with ant 2] last 6 at low el <20",1830-210,23
13,23/01/2011,16.976,-0.005,016.976-0.005,18 21 44.68, -14 09 48.5,J2000,6.6,"6 [no ant 2], 24 [with ant 2] last 6 at low el <20",1830-210,0.7
13,23/01/2011,17.021,-2.403,017.021-2.403,18 30 36.30, -15 14 28.5,J2000,23.3,"6 [no ant 2], 24 [with ant 2] last 6 at low el <20",1830-210,3.7
13,23/01/2011,17.029,-0.071,017.029-0.071,18 22 05.21, -14 08 51.0,J2000,91.4,"6 [no ant 2], 24 [with ant 2] last 6 at very low el <15, plus 6 low el day 14",1830-210,1.7
14,24/01/2011,17.862,0.074,017.862+0.074,18 23 10.10, -13 20 40.8,J2000,110.5,30,1830-210,1.4
14,24/01/2011,18.073,0.077,018.073+0.077,18 23 33.99, -13 09 25.5,J2000,46.1,30,1830-210,4.1
14,24/01/2011,18.262,-0.244,018.262-0.244,18 25 05.70, -13 08 23.2,J2000,74.2,30,1830-210,23
14,24/01/2011,18.44,0.045,018.440+0.045,18 24 23.32, -12 50 52.1,J2000,61.8,30,1830-210,2.5
14,24/01/2011,18.667,0.025,018.667+0.025,18 24 53.78, -12 39 20.4,J2000,76.6,30,1830-210,8.8
14,24/01/2011,18.735,-0.227,018.735-0.227,18 25 56.46, -12 42 50.0,J2000,38.2,30,1830-210,3.6
14,24/01/2011,18.874,0.053,018.874+0.053,18 25 11.34, -12 27 36.8,J2000,38.7,30,1830-210,9.8
14,24/01/2011,18.888,-0.475,018.888-0.475,18 27 07.85, -12 41 35.9,J2000,56.4,30,1830-210,5.6
14,24/01/2011,19.009,-0.029,019.009-0.029,18 25 44.78, -12 22 46.1,J2000,55.4,30,1830-210,20.4
14,24/01/2011,19.025,-0.259,019.025-0.259,18 26 36.59, -12 28 20.2,J2000,69.4,30,1830-210,1
14,24/01/2011,19.249,0.267,019.249+0.267,18 25 08.02, -12 01 42.2,J2000,19.8,30,1830-210,3.3
14,24/01/2011,19.365,-0.03,019.365-0.030,18 26 25.79, -12 03 52.0,J2000,25.3,30,1830-210,34.2
14,24/01/2011,19.472,0.17,019.472+0.170,18 25 54.72, -11 52 33.0,J2000,21.7,30,1830-210,15.1
14,24/01/2011,19.609,-0.234,019.609-0.234,18 27 37.99, -11 56 37.6,J2000,40.2,30 last 6 at low el <=20,1830-210,1
15,25/01/2011,340.034,-1.11,340.034-1.110,16 51 58.07, -45 55 56.5,J2000,-27.6,30,1740-517,8.3
15,25/01/2011,341.124,-0.361,341.124-0.361,16 52 36.76, -44 36 52.7,J2000,-37.2,30,1740-517,1.8
15,25/01/2011,341.973,0.233,341.973+0.233,16 53 02.98, -43 34 54.7,J2000,-11.5,30,1740-517,3.6
15,25/01/2011,342.251,0.308,342.251+0.308,16 53 41.86, -43 19 09.8,J2000,-122.7,30,1740-517,2
15,25/01/2011,342.338,0.305,342.338+0.305,16 54 00.71, -43 15 12.3,J2000,-110.2,30 [for last 6 ant 6 IF 1 playing up will need flagging],1740-517,1.1
15,25/01/2011,341.99,-0.103,341.990-0.103,16 54 32.89, -43 46 51.4,J2000,-37,30 [for last 6 ant 6 IF 1 playing up will need flagging],1740-517,1.3
15,25/01/2011,340.97,-1.022,340.970-1.022,16 54 57.32, -45 09 05.2,J2000,-31.3,30 [for last 6 ant 6 IF 1 playing up will need flagging],1740-517,10.1
15,25/01/2011,342.484,0.183,342.484+0.183,16 55 02.30, -43 12 59.8,J2000,-41.9,30 [for last 6 ant 6 IF 1 playing up will need flagging],1740-517,62.1
15,25/01/2011,343.929,0.125,343.929+0.125,17 00 10.91, -42 07 19.3,J2000,14.5,30 [for last 6 ant 6 IF 1 playing up will need flagging],1740-517,8.8
15,25/01/2011,343.756,-0.163,343.756-0.163,17 00 49.89, -42 26 08.2,J2000,-30.8,30,1740-517,3.5
15,25/01/2011,343.502,-0.472,343.502-0.472,17 01 18.40, -42 49 36.8,J2000,-42,30,1740-517,4.5
15,25/01/2011,344.421,0.045,344.421+0.045,17 02 08.77, -41 46 58.5,J2000,-71.5,30,1740-517,16.7
15,25/01/2011,349.092,0.105,349.092+0.105,17 16 24.74, -37 59 47.2,J2000,-76.6,30 plus 6 mins on day 10,1740-517,23.1
15,25/01/2011,352.855,-0.201,352.855-0.201,17 28 17.59, -35 04 12.9,J2000,-51.3,30 plus 6 mins on day 10,1740-517,1.5
15,25/01/2011,353.537,-0.091,353.537-0.091,17 29 41.25, -34 26 28.4,J2000,-56.6,30 plus 6 mins on day 10,1740-517,2.3
15,25/01/2011,352.624,-1.077,352.624-1.077,17 31 15.31, -35 44 47.7,J2000,5.8,30,1740-517,21
15,25/01/2011,355.642,0.398,355.642+0.398,17 33 15.40, -32 24 46.8,J2000,-7.9,24 plus 4 mins very low el <15 on  day 16 with delay jumps,1740-517,1.9
15,25/01/2011,355.343,0.148,355.343+0.148,17 33 28.84, -32 48 00.2,J2000,5.8,24,1740-517,1.2
16,26/01/2011,337.997,0.136,337.997+0.136,16 38 48.50, -46 39 57.5,J2000,-32,30,1740-517,5.1
16,26/01/2011,338.287,0.12,338.287+0.120,16 40 00.13, -46 27 37.1,J2000,-40,30,1740-517,20.5
16,26/01/2011,338.325,-0.409,338.325-0.409,16 42 27.53, -46 46 54.3,J2000,-26.7,30,1740-517,1.3
16,26/01/2011,338.392,-0.403,338.392-0.403,16 42 41.27, -46 43 39.0,J2000,-33.6,30,1740-517,3.3
16,26/01/2011,338.396,-0.007,338.396-0.007,16 40 58.41, -46 27 47.8,J2000,-48.8,30,1740-517,3.6
16,26/01/2011,338.902,0.394,338.902+0.394,16 41 10.06, -45 49 05.4,J2000,-26.2,30,1740-517,1.7
16,26/01/2011,338.935,-0.062,338.935-0.062,16 43 16.01, -46 05 40.2,J2000,-41.9,30,1740-517,42.6
16,26/01/2011,339.762,0.054,339.762+0.054,16 45 51.56, -45 23 32.6,J2000,-51,30,1740-517,11.7
16,26/01/2011,339.909,0.24,339.909+0.240,16 45 36.17, -45 09 36.5,J2000,-12.3,30,1740-517,1.1
16,26/01/2011,355.538,-0.105,355.538-0.105,17 34 59.60, -32 46 22.7,J2000,3.8,30,1830-210,1.5
16,26/01/2011,357.922,-0.377,357.922-0.377,17 41 54.94, -30 52 55.1,J2000,-4.6,30,1830-210,1.5
16,26/01/2011,0.092,-0.663,000.092-0.663,17 48 25.90, -29 12 05.9,J2000,23.8,30,1830-210,24.8
16,26/01/2011,0.376,0.04,000.376+0.040,17 46 21.41, -28 35 40.0,J2000,37.1,30,1830-210,2.3
16,26/01/2011,0.475,-0.01,000.475-0.010,17 46 47.07, -28 32 06.9,J2000,28.8,30,1830-210,3.4
16,26/01/2011,0.836,0.184,000.836+0.184,17 46 52.86, -28 07 34.8,J2000,3.5,30,1830-210,9
16,26/01/2011,0.315,-0.201,000.315-0.201,17 47 09.13, -28 46 15.7,J2000,19.4,30 [last 6 at low el <20],1830-210,72.2
16,26/01/2011,0.645,-0.042,000.645-0.042,17 47 18.65, -28 24 25.0,J2000,49.5,30 [last 6 at low el <20],1830-210,76.1
17,27/01/2011,334.138,-0.023,334.138-0.023,16 23 39.56, -49 35 15.2,J2000,-31.2,30 [data after UT2153 without ant 6 IF 1 Pol a],1740-517,3.9
17,27/01/2011,334.635,-0.015,334.635-0.015,16 25 45.73, -49 13 37.4,J2000,-30.1,30 [data after UT2153 without ant 6 IF 1 Pol a],1740-517,66.4
17,27/01/2011,334.935,-0.098,334.935-0.098,16 27 24.25, -49 04 11.3,J2000,-19.6,30 [data after UT2153 without ant 6 IF 1 Pol a],1740-517,4.6
17,27/01/2011,335.06,-0.427,335.060-0.427,16 29 23.13, -49 12 27.1,J2000,-31.1,30 [data after UT2153 without ant 6 IF 1 Pol a],1740-517,78
17,27/01/2011,335.426,-0.24,335.426-0.240,16 30 05.58, -48 48 44.8,J2000,-50.6,30 [data after UT2153 without ant 6 IF 1 Pol a],1740-517,91.2
17,27/01/2011,335.726,0.191,335.726+0.191,16 29 27.37, -48 17 53.2,J2000,-44.4,30 [data after UT2153 without ant 6 IF 1 Pol a],1740-517,75.4
17,27/01/2011,335.824,-0.177,335.824-0.177,16 31 28.33, -48 28 49.2,J2000,-26.1,30 [data after UT2153 without ant 6 IF 1 Pol a],1740-517,1.4
17,27/01/2011,336.018,-0.827,336.018-0.827,16 35 09.30, -48 46 46.8,J2000,-53.3,30 [data after UT2153 without ant 6 IF 1 Pol a],1740-517,179.6
17,27/01/2011,336.83,-0.375,336.830-0.375,16 36 26.19, -47 52 31.1,J2000,-22.8,30 [data after UT2153 without ant 6 IF 1 Pol a],1740-517,33.9
17,27/01/2011,336.958,-0.977,336.958-0.977,16 39 37.55, -48 10 58.4,J2000,-49.4,30 [data after UT2153 without ant 6 IF 1 Pol a],1740-517,1.3
17,27/01/2011,337.097,-0.929,337.097-0.929,16 39 57.77, -48 02 49.1,J2000,-40.5,30 [data after UT2153 without ant 6 IF 1 Pol a],1740-517,7.5
17,27/01/2011,337.844,-0.375,337.844-0.375,16 40 26.67, -47 07 13.4,J2000,-38.6,30 [data after UT2153 without ant 6 IF 1 Pol a],1740-517,4.4
17,27/01/2011,358.371,-0.468,358.371-0.468,17 43 31.95, -30 34 11.0,J2000,1.3,30 [data after UT2153 without ant 6 IF 1 Pol a],1830-210,46.9
17,27/01/2011,358.721,-0.126,358.721-0.126,17 43 02.31, -30 05 29.9,J2000,10.6,"30 [data after UT2153 without ant 6 IF 1 Pol a, poss delay jump last 6]",1830-210,3.6
17,27/01/2011,358.841,-0.737,358.841-0.737,17 45 44.29, -30 18 33.6,J2000,-20.7,"28 [data after UT2153 without ant 6 IF 1 Pol a, poss delay jump last 10]",1830-210,13.1
17,27/01/2011,358.906,0.106,358.906+0.106,17 42 34.57, -29 48 46.8,J2000,-18.2,18 [data after UT2153 without ant 6 IF 1 Pol a],1830-210,2.4
17,27/01/2011,359.938,0.17,359.938+0.170,17 44 48.55, -28 53 59.4,J2000,-0.5,18 [data after UT2153 without ant 6 IF 1 Pol a],1830-210,1.6
18,28/01/2011,332.351,-0.436,332.351-0.436,16 17 31.51, -51 08 22.0,J2000,-53.2,30,1613-586,6.8
18,28/01/2011,330.07,1.064,330.070+1.064,16 00 15.43, -51 34 25.6,J2000,-41.3,30,1613-586,7.9
18,28/01/2011,330.875,-0.383,330.875-0.383,16 10 23.09, -52 06 58.7,J2000,-56.5,30,1613-586,0.4
18,28/01/2011,330.878,-0.367,330.878-0.367,16 10 19.80, -52 06 07.9,J2000,-59.3,30,1613-586,1.2
18,28/01/2011,330.998,0.093,330.998+0.093,16 08 53.08, -51 40 59.2,J2000,-28.6,30,1613-586,1.5
18,28/01/2011,331.9,-1.186,331.900-1.186,16 18 49.13, -51 59 28.2,J2000,-46.3,30,1613-586,4.2
18,28/01/2011,332.094,-0.421,332.094-0.421,16 16 16.45, -51 18 25.7,J2000,-58.5,30,1613-586,21.8
18,28/01/2011,332.295,-0.094,332.295-0.094,16 15 45.40, -50 55 53.7,J2000,-47.1,30,1613-586,8.2
18,28/01/2011,355.184,-0.419,355.184-0.419,17 35 20.49, -33 14 28.6,J2000,-1.4,30,1830-210,1.3
18,28/01/2011,356.054,-0.095,356.054-0.095,17 36 16.55, -32 20 02.7,J2000,16.7,30,1830-210,0.8
18,28/01/2011,357.558,-0.321,357.558-0.321,17 40 57.19, -31 10 59.3,J2000,-3.9,30,1830-210,2
18,28/01/2011,1.719,-0.088,001.719-0.088,17 49 59.84, -27 30 36.9,J2000,-8.1,36 [middle 12 dodgy delays],1830-210,9.8
18,28/01/2011,0.546,-0.852,000.546-0.852,17 50 14.53, -28 54 31.2,J2000,11.8,30 [12-24 dodgy delays],1830-210,62.8
18,28/01/2011,2.536,0.198,002.536+0.198,17 50 46.48, -26 39 44.9,J2000,3.1,30 [12-18 dodgy delays],1830-210,36.4
18,28/01/2011,4.393,0.079,004.393+0.079,17 55 25.77, -25 07 23.6,J2000,1.9,18 [last 6 dodgy delays] plus 6 on day 19 low el,1830-210,7.7
18,28/01/2011,4.569,-0.079,004.569-0.079,17 56 25.30, -25 03 03.7,J2000,9.5,18 [last 6 dodgy delays] plus 4 on day 19 low el,1830-210,0.6
18,28/01/2011,4.676,0.276,004.676+0.276,17 55 18.34, -24 46 45.3,J2000,4.5,18 [last 6 dodgy delays],1830-210,2.5
19,29/01/2011,332.352,-0.117,332.352-0.117,16 16 07.11, -50 54 31.2,J2000,-44.6,30,1613-586,6.6
19,29/01/2011,332.96,0.135,332.960+0.135,16 17 46.02, -50 18 18.0,J2000,-54.3,30,1613-586,2
19,29/01/2011,332.364,0.607,332.364+0.607,16 13 01.46, -50 22 36.9,J2000,-48.3,30,1613-586,1.1
19,29/01/2011,332.56,-0.148,332.560-0.148,16 17 12.12, -50 47 12.6,J2000,-54.8,30,1613-586,3.1
19,29/01/2011,332.583,0.147,332.583+0.147,16 16 00.86, -50 33 31.6,J2000,-40.2,30,1613-586,7.1
19,29/01/2011,332.604,-0.168,332.604-0.168,16 17 29.33, -50 46 13.0,J2000,-49,30,1613-586,1.1
19,29/01/2011,332.653,-0.621,332.653-0.621,16 19 43.48, -51 03 36.4,J2000,-50.6,30,1613-586,5.1
19,29/01/2011,332.854,0.817,332.854+0.817,16 14 20.45, -49 53 13.0,J2000,-45.3,30,1613-586,1.1
19,29/01/2011,332.942,-0.686,332.942-0.686,16 21 19.00, -50 54 10.2,J2000,-52.8,30,1613-586,10.3
19,29/01/2011,1.329,0.15,001.329+0.150,17 48 10.31, -27 43 20.7,J2000,-12.2,30,1830-210,1.6
19,29/01/2011,2.591,-0.029,002.591-0.029,17 51 46.69, -26 43 51.2,J2000,-8.3,30,1830-210,1.7
19,29/01/2011,3.253,0.018,003.253+0.018,17 53 05.96, -26 08 13.0,J2000,2.2,30,1830-210,3.7
19,29/01/2011,5.63,-0.294,005.630-0.294,17 59 34.60, -24 14 23.7,J2000,10.5,30,1830-210,1.3
19,29/01/2011,5.657,0.416,005.657+0.416,17 56 56.53, -23 51 42.0,J2000,20,30,1830-210,1.9
19,29/01/2011,5.677,-0.027,005.677-0.027,17 58 39.98, -24 03 57.2,J2000,-11.7,30,1830-210,1
19,29/01/2011,10.792,-0.094,010.792-0.094,18 09 44.75, -19 38 36.1,J2000,72.1,30,1830-210,0.9
19,29/01/2011,12.904,-0.031,012.904-0.031,18 13 48.27, -17 45 38.8,J2000,59.1,30,1830-210,40.3
19,29/01/2011,12.909,-0.26,012.909-0.260,18 14 39.53, -17 52 00.0,J2000,39.9,30,1830-210,245.5
19,29/01/2011,13.179,0.061,013.179+0.061,18 14 00.96, -17 28 32.5,J2000,46.5,30,1830-210,2.6
20,30/01/2011,332.963,-0.679,332.963-0.679,16 21 22.92, -50 51 58.5,J2000,-45.9,,1613-586,63.3
20,30/01/2011,332.975,0.773,332.975+0.773,16 15 04.51, -49 50 09.3,J2000,-43.2,,1613-586,1.7
20,30/01/2011,332.987,-0.487,332.987-0.487,16 20 37.80, -50 43 49.7,J2000,-55.7,,1613-586,6.9
20,30/01/2011,333.029,-0.063,333.029-0.063,16 18 56.73, -50 23 54.3,J2000,-40.3,,1613-586,1.8
20,30/01/2011,333.068,-0.447,333.068-0.447,16 20 48.97, -50 38 40.4,J2000,-54.6,,1613-586,3.6
20,30/01/2011,333.683,-0.437,333.683-0.437,16 23 29.78, -50 12 08.6,J2000,-5.6,,1613-586,40.6
20,30/01/2011,333.761,-0.226,333.761-0.226,16 22 54.27, -49 59 54.5,J2000,-55,,1613-586,2.7
20,30/01/2011,333.851,0.527,333.851+0.527,16 20 00.92, -49 24 06.9,J2000,-40.4,,1613-586,1
20,30/01/2011,333.9,-0.099,333.900-0.099,16 22 57.39, -49 48 35.1,J2000,-56.8,,1613-586,0.9
20,30/01/2011,0.409,-0.504,000.409-0.504,17 48 33.48, -28 50 52.5,J2000,25.4,3 x 4min scans plus 1 x 3min?,1830-210,2.8
20,30/01/2011,1.008,-0.237,001.008-0.237,17 48 55.29, -28 11 47.9,J2000,1.6,,1830-210,15.2
20,30/01/2011,3.91,0.001,003.910+0.001,17 54 38.75, -25 34 44.8,J2000,17.8,,1830-210,5.1
20,30/01/2011,3.312,-0.399,003.312-0.399,17 54 50.11, -26 17 51.5,J2000,0.4,,1830-210,0.9
20,30/01/2011,13.657,-0.599,013.657-0.599,18 17 24.26, -17 22 12.5,J2000,51.3,,1830-210,33.7
20,30/01/2011,14.23,-0.509,014.230-0.509,18 18 12.59, -16 49 22.8,J2000,25.3,,1830-210,3.6
20,30/01/2011,14.39,-0.02,014.390-0.020,18 16 43.77, -16 27 01.0,J2000,26.9,,1830-210,4.4
20,30/01/2011,14.631,-0.577,014.631-0.577,18 19 15.21, -16 30 04.5,J2000,25.2,,1830-210,1.2
20,30/01/2011,14.991,-0.121,014.991-0.121,18 18 17.32, -15 58 08.3,J2000,46,,1830-210,6.6
20,30/01/2011,15.034,-0.677,015.034-0.677,18 20 24.78, -16 11 34.6,J2000,21.3,,1830-210,51.6
20,30/01/2011,15.094,0.192,015.094+0.192,18 17 20.82, -15 43 46.5,J2000,25.8,,1830-210,18.6
21,10/09/2011,232.62,0.996,232.620+0.996,07 32 09.79, -16 58 12.4,J2000,22.9,30,0727-115,178.2
21,10/09/2011,254.88,0.451,254.880+0.451,08 22 25.25, -36 15 00.1,J2000,30.1,30,0823-500,1.8
21,10/09/2011,259.939,-0.041,259.939-0.041,08 35 31.07, -40 38 23.9,J2000,-1,30,0823-500,2.2
21,10/09/2011,263.25,0.514,263.250+0.514,08 48 47.84, -42 54 28.3,J2000,12.3,30 [last 6mins at low el <15),0823-500,68.9
21,10/09/2011,264.14,2.018,264.140+2.018,08 58 11.66, -42 37 30.6,J2000,8.1,30,0823-500,0.9
21,10/09/2011,264.289,1.469,264.289+1.469,08 56 26.80, -43 05 42.1,J2000,8.7,30,0823-500,0.5
21,10/09/2011,269.153,-1.128,269.153-1.128,09 03 33.46, -48 28 02.6,J2000,16,30,0823-500,0.7
21,10/09/2011,269.456,-1.467,269.456-1.467,09 03 14.78, -48 55 11.2,J2000,56.1,30,0823-500,6
21,10/09/2011,269.658,-1.27,269.658-1.270,09 04 57.72, -48 56 18.4,J2000,16.2,30 [last 6mins at low el <15),0823-500,4.5
21,10/09/2011,270.255,0.835,270.255+0.835,09 16 41.51, -47 56 12.1,J2000,4,30 [last 6mins at low el <15),0823-500,0.5
21,10/09/2011,281.71,-1.104,281.710-1.104,10 05 05.63, -56 57 24.7,J2000,1,30,1049-53,1.3
21,10/09/2011,284.352,-0.419,284.352-0.419,10 24 10.89, -57 52 38.8,J2000,3.9,30,1049-53,2.7
21,10/09/2011,284.694,-0.361,284.694-0.361,10 26 36.29, -58 00 34.3,J2000,13.3,30,1049-53,5
21,10/09/2011,285.337,-0.002,285.337-0.002,10 32 09.62, -58 02 04.6,J2000,0.7,30,1049-53,18
21,10/09/2011,286.383,-1.834,286.383-1.834,10 31 55.12, -60 08 38.6,J2000,9.6,30,1049-53,17.6
21,10/09/2011,287.371,0.644,287.371+0.644,10 48 04.44, -58 27 01.0,J2000,-1.9,30,1049-53,115.7
21,10/09/2011,290.374,1.661,290.374+1.661,11 12 18.10, -58 46 21.5,J2000,-24.2,30,1049-53,0.8
21,10/09/2011,290.441,-2.915,290.441-2.915,10 57 33.89, -62 59 03.5,J2000,-16,30,1049-53,4
21,10/09/2011,291.27,-0.719,291.270-0.719,11 11 49.44, -61 18 51.9,J2000,-26.5,"30, field also contains 291.274-0.709",1049-53,4.1
22,12/09/2011,291.879,-0.81,291.879-0.810,11 16 17.35, -61 37 20.7,J2000,33.5,30,1049-53,1.3
22,12/09/2011,292.074,-1.131,292.074-1.131,11 16 51.24, -61 59 32.6,J2000,-19.1,30,1049-53,1.8
22,12/09/2011,292.468,0.168,292.468+0.168,11 23 42.17, -60 54 33.5,J2000,10.9,30,1049-53,6.2
22,12/09/2011,293.723,-1.742,293.723-1.742,11 28 32.97, -63 07 18.6,J2000,24.2,30,1049-53,0.8
22,12/09/2011,293.827,-0.746,293.827-0.746,11 32 05.56, -62 12 25.3,J2000,37,30,1049-53,2.9
22,12/09/2011,293.942,-0.874,293.942-0.874,11 32 42.09, -62 21 47.5,J2000,41.1,30,1049-53,3.7
22,12/09/2011,294.337,-1.706,294.337-1.706,11 33 49.91, -63 16 32.5,J2000,-11.7,30,1049-53,14.5
22,12/09/2011,294.511,-1.621,294.511-1.621,11 35 32.25, -63 14 43.2,J2000,-11.9,30,1049-53,9
22,12/09/2011,294.977,-1.734,294.977-1.734,11 39 13.94, -63 29 04.6,J2000,-5.3,"30, field also contains 294.990-1.719",1049-53,2
22,12/09/2011,305.199,0.005,305.199+0.005,13 11 17.20, -62 46 46.0,J2000,-42.8,"30, field also contains 305.200+0.019",1352-63,4.3
22,12/09/2011,305.202,0.208,305.202+0.208,13 11 10.49, -62 34 38.8,J2000,-38.4,"30, field also contains 305.208+0.206 and 305.248+0.245",1352-63,430.8
22,12/09/2011,305.362,0.15,305.362+0.150,13 12 35.86, -62 37 17.9,J2000,-36.5,"30, field also contains 305.366+0.184",1352-63,5
22,12/09/2011,305.475,-0.096,305.475-0.096,13 13 45.75, -62 51 28.3,J2000,-39,30,1352-63,2.6
22,12/09/2011,305.563,0.013,305.563+0.013,13 14 26.90, -62 44 29.4,J2000,-37.3,30,1352-63,4.6
22,12/09/2011,305.573,-0.342,305.573-0.342,13 14 49.12, -63 05 38.4,J2000,-51,"30 [last 6mins at low el <20),field also contains 305.615-0.344",1352-63,0.6
22,12/09/2011,305.634,1.645,305.634+1.645,13 13 49.43, -61 06 32.4,J2000,-54.8,"30 [last 6mins at low el <20),field also contains 305.646+1.589",1352-63,7.3
22,12/09/2011,305.799,-0.245,305.799-0.245,13 16 43.23, -62 58 32.9,J2000,-39.3,"30 [last 6mins at low el <20),field also contains 305.822-0.115",1352-63,0.6
22,12/09/2011,305.887,0.017,305.887+0.017,13 17 15.53, -62 42 23.0,J2000,-34.2,30 [last 6mins at low el <20),1352-63,7.9
22,12/09/2011,305.94,-0.164,305.940-0.164,13 17 53.05, -62 52 50.5,J2000,-50.9,30 [last 6mins at low el <20),1352-63,0.9
22,12/09/2011,306.322,-0.334,306.322-0.334,13 21 23.01, -63 00 29.5,J2000,-24.7,30 [last 6mins at low el <15),1352-63,0.5
22,12/09/2011,307.133,-0.477,307.133-0.477,13 28 38.29, -63 02 40.4,J2000,-38.7,30 [last 6mins at low el <15),1352-63,1.8
23,13/09/2011,291.579,-0.431,291.579-0.431,11 15 05.76, -61 09 40.8,J2000,10.4,"30, plus 12 mins on day 21, field also contains 291.582-0.435",1049-53,2.1
23,13/09/2011,291.642,-0.546,291.642-0.546,11 15 14.32, -61 17 26.7,J2000,12.1,"30, plus 6 mins on day 21",1049-53,1.5
23,13/09/2011,296.893,-1.305,296.893-1.305,11 56 50.07, -63 32 05.5,J2000,22.2,30,1352-63,2.3
23,13/09/2011,297.406,-0.622,297.406-0.622,12 02 30.42, -62 58 03.8,J2000,27.8,30,1352-63,1.7
23,13/09/2011,298.177,-0.795,298.177-0.795,12 08 57.56, -63 16 25.8,J2000,23.5,30,1352-63,1.7
23,13/09/2011,298.213,-0.343,298.213-0.343,12 09 55.18, -62 50 01.1,J2000,37.4,30,1352-63,1.2
23,13/09/2011,298.262,0.739,298.262+0.739,12 11 47.65, -61 46 20.9,J2000,-30.1,30,1352-63,15
23,13/09/2011,298.632,-0.362,298.632-0.362,12 13 31.63, -62 55 01.0,J2000,38.7,30,1352-63,1.3
23,13/09/2011,298.723,-0.086,298.723-0.086,12 14 39.50, -62 39 25.9,J2000,23.5,30 [last 6mins at low el <20 with RFI nasties],1352-63,1.8
23,13/09/2011,299.013,0.128,299.013+0.128,12 17 24.60, -62 29 03.7,J2000,18.3,30 [last 6mins at low el <20 with RFI nasties],1352-63,7.9
23,13/09/2011,299.772,-0.005,299.772-0.005,12 23 48.97, -62 42 25.3,J2000,-6.8,30 [last 6mins at low el <20 with RFI nasties],1352-63,13.4
23,13/09/2011,300.504,-0.176,300.504-0.176,12 30 03.58, -62 56 48.7,J2000,7.5,30 [last 6mins at low el <20 with RFI nasties],1352-63,7
23,13/09/2011,300.969,1.148,300.969+1.148,12 34 53.29, -61 39 40.0,J2000,-37.2,30 [last 6mins at low el <20 with RFI nasties],1352-63,4.4
23,13/09/2011,301.136,-0.226,301.136-0.226,12 35 35.14, -63 02 32.6,J2000,-39.6,30 [last 6mins at low el <20 with RFI nasties],1352-63,1.6
23,13/09/2011,308.056,-0.396,308.056-0.396,13 36 32.16, -62 49 05.6,J2000,-11.8,30 [last 6mins at low el <20 with some RFI nasties],1352-63,1.3
23,13/09/2011,308.651,-0.507,308.651-0.507,13 41 50.19, -62 49 05.2,J2000,3.2,30 [last 6mins at low el <20 with some RFI nasties],1352-63,4
23,13/09/2011,308.686,0.53,308.686+0.530,13 40 25.33, -61 47 37.6,J2000,-53.1,30 [last 6mins at low el <20 with some RFI nasties],1352-63,1.8
23,13/09/2011,308.715,-0.216,308.715-0.216,13 41 53.59, -62 31 11.7,J2000,-12.5,30 [last 6mins at low el <20 with some RFI nasties],1352-63,1.1
23,13/09/2011,308.754,0.549,308.754+0.549,13 40 57.60, -61 45 43.4,J2000,-45.3,30 [last 6mins at low el <20 with some RFI nasties],1352-63,11.6
23,13/09/2011,308.918,0.123,308.918+0.123,13 43 01.85, -62 08 52.2,J2000,-54.8,30 [last 6mins at low el <20 with some RFI nasties],1352-63,45.2
24,14/09/2011,302.032,-0.061,302.032-0.061,12 43 31.92, -62 55 06.7,J2000,-35.7,30,1352-63,8.3
24,14/09/2011,302.034,0.625,302.034+0.625,12 43 43.44, -62 13 58.5,J2000,-39.1,30,1352-63,2.6
24,14/09/2011,302.455,-0.741,302.455-0.741,12 47 08.65, -63 36 30.2,J2000,32.6,30,1352-63,1.3
24,14/09/2011,303.507,-0.721,303.507-0.721,12 56 36.66, -63 35 14.5,J2000,14.2,30 (plus extra few mins to make up for RFI earlier),1352-63,1.6
24,14/09/2011,303.846,-0.363,303.846-0.363,12 59 33.37, -63 13 14.7,J2000,25.4,30,1352-63,6.8
24,14/09/2011,303.869,0.194,303.869+0.194,12 59 35.84, -62 39 47.6,J2000,-36.9,30,1352-63,1
24,14/09/2011,304.367,-0.336,304.367-0.336,13 04 09.82, -63 10 20.2,J2000,32.7,30 [last 6 mins with RFI nasties],1352-63,1.5
24,14/09/2011,304.887,0.635,304.887+0.635,13 08 11.95, -62 10 21.9,J2000,-35.1,30 [last 6 mins with RFI nasties],1352-63,0.8
24,14/09/2011,309.384,-0.135,309.384-0.135,13 47 23.98, -62 18 12.0,J2000,-49.6,30 [last 6 mins with RFI nasties],1352-63,1.4
24,14/09/2011,309.901,0.231,309.901+0.231,13 51 01.05, -61 49 56.0,J2000,-54.6,30 [last 6 mins with RFI nasties],1352-63,16.7
24,14/09/2011,309.921,0.479,309.921+0.479,13 50 41.78, -61 35 10.2,J2000,-59.7,30 [last 6 mins with RFI nasties],1352-63,885.3
24,14/09/2011,310.144,0.76,310.144+0.760,13 51 58.43, -61 15 41.3,J2000,-55.7,30 [last 6 mins with RFI nasties],1352-63,93.9
24,14/09/2011,338.388,0.162,338.388+0.162,16 40 12.37, -46 21 25.6,J2000,-32.8,30 [penultimate 6 mins with RFI nasties],1740-517,4
24,14/09/2011,338.472,0.289,338.472+0.289,16 39 58.91, -46 12 35.4,J2000,-29.3,30 [penultimate 6 mins with RFI nasties],1740-517,1
24,14/09/2011,338.875,-0.084,338.875-0.084,16 43 08.25, -46 09 12.8,J2000,-41.4,30 [penultimate 6 mins with RFI nasties],1740-517,21.2
24,14/09/2011,339.884,-1.259,339.884-1.259,16 52 04.67, -46 08 34.1,J2000,-38.7,30,1740-517,1658
24,14/09/2011,341.218,-0.212,341.218-0.212,16 52 17.84, -44 26 52.1,J2000,-37.9,30,1740-517,125.6
24,14/09/2011,343.354,-0.067,343.354-0.067,16 59 04.24, -42 41 34.6,J2000,-117.7,30,1740-517,20.3
25,10/12/2011,310.18,-0.122,310.180-0.122,13 54 01.78, -62 06 34.6,J2000,3.6,30,1352-63,1.1
25,10/12/2011,311.23,-0.032,311.230-0.032,14 02 27.47, -61 45 14.4,J2000,24.8,30,1352-63,1.9
25,10/12/2011,311.643,-0.38,311.643-0.380,14 06 38.77, -61 58 23.1,J2000,32.6,36 {some rfi during one of the 6min scans},1352-63,11.1
25,10/12/2011,311.729,-0.735,311.729-0.735,14 08 13.97, -62 17 16.5,J2000,30.9,30,1352-63,0.8
25,10/12/2011,311.947,0.142,311.947+0.142,14 07 49.72, -61 23 08.3,J2000,-38.7,30,1352-63,0.3
25,10/12/2011,312.071,0.082,312.071+0.082,14 08 58.20, -61 24 23.8,J2000,-34.8,36 {some rfi during one of the 6min scans},1352-63,83.2
25,10/12/2011,312.108,0.262,312.108+0.262,14 08 49.31, -61 13 25.1,J2000,-49.9,30,1352-63,22.9
25,10/12/2011,312.307,0.661,312.307+0.661,14 09 24.95, -60 47 00.5,J2000,-12.3,30,1352-63,3.8
25,10/12/2011,312.501,-0.084,312.501-0.084,14 12 48.95, -61 26 03.2,J2000,21.8,30,1352-63,1.5
25,10/12/2011,312.597,0.045,312.597+0.045,14 13 14.35, -61 16 57.7,J2000,-60,30 [also has 312.598+0.045 in field (vel -67.9)],1352-63,1
25,10/12/2011,312.698,0.126,312.698+0.126,14 13 49.85, -61 10 24.1,J2000,29.5,30,1352-63,1
25,10/12/2011,312.702,-0.087,312.702-0.087,14 14 25.12, -61 22 29.0,J2000,-58.2,30,1352-63,1.4
25,10/12/2011,313.469,0.19,313.469+0.190,14 19 40.94, -60 51 47.3,J2000,-9.3,30,1352-63,26.3
25,10/12/2011,313.577,0.325,313.577+0.325,14 20 08.58, -60 42 00.8,J2000,-47.8,30,1352-63,104.1
25,10/12/2011,313.705,-0.19,313.705-0.190,14 22 34.74, -61 08 26.8,J2000,-41.5,30,1352-63,1.7
25,10/12/2011,313.767,-0.863,313.767-0.863,14 25 01.73, -61 44 58.1,J2000,-44.8,30 [also has 313.774-0.863 in field (vel -44.8)],1352-63,22.3
25,10/12/2011,313.994,-0.084,313.994-0.084,14 24 30.78, -60 56 28.3,J2000,-4.9,30,1352-63,15.2
25,10/12/2011,314.221,0.273,314.221+0.273,14 25 12.89, -60 31 38.4,J2000,-61.6,30,1352-63,2.7
26,11/12/2011,311.551,-0.055,311.551-0.055,14 05 07.06, -61 41 15.9,J2000,-56.3,30,1352-63,1.1
26,11/12/2011,311.628,0.266,311.628+0.266,14 04 59.20, -61 21 29.4,J2000,-57.6,30,1352-63,4.3
26,11/12/2011,314.32,0.112,314.320+0.112,14 26 26.20, -60 38 31.3,J2000,-43.5,30,1352-63,37.2
26,11/12/2011,315.803,-0.575,315.803-0.575,14 39 46.46, -60 42 39.6,J2000,8.2,30,1352-63,3.9
26,11/12/2011,316.359,-0.362,316.359-0.362,14 43 11.20, -60 17 13.3,J2000,3.4,30 [Also has 316.381-0.379 in field (vel -0.5)],1352-63,107.3
26,11/12/2011,316.412,-0.308,316.412-0.308,14 43 23.34, -60 13 00.9,J2000,-5.6,30 [Also has 316.484-0.310 in field (vel -15.6)],1352-63,10
26,11/12/2011,316.64,-0.087,316.640-0.087,14 44 18.45, -59 55 11.5,J2000,-20.4,30,1352-63,95.3
26,11/12/2011,316.811,-0.057,316.811-0.057,14 45 26.43, -59 49 16.3,J2000,-45.8,30,1352-63,75.3
26,11/12/2011,317.029,0.361,317.029+0.361,14 45 35.54, -59 20 58.6,J2000,-47.9,30,1352-63,1.2
26,11/12/2011,317.061,0.256,317.061+0.256,14 46 10.31, -59 25 50.5,J2000,-43.7,30,1352-63,1
26,11/12/2011,317.466,-0.402,317.466-0.402,14 51 19.69, -59 50 50.7,J2000,-37.7,30,1352-63,51.5
26,11/12/2011,317.701,0.11,317.701+0.110,14 51 11.69, -59 17 02.1,J2000,-42.3,30,1352-63,26.5
26,11/12/2011,318.044,-1.404,318.044-1.404,14 59 08.61, -60 28 25.5,J2000,46.3,30,1352-63,7.8
26,11/12/2011,318.05,0.087,318.050+0.087,14 53 42.67, -59 08 52.4,J2000,-51.8,24 mins only (correlator+storm+ToO prevented full sched),1352-63,12.6
26,11/12/2011,318.472,-0.214,318.472-0.214,14 57 42.86, -59 13 15.9,J2000,-19.1,24 mins only (correlator+storm+ToO prevented full sched),1352-63,1.3
26,11/12/2011,318.948,-0.196,318.948-0.196,15 00 55.40, -58 58 52.1,J2000,-34.6,18 mins only (3cuts) (correlator+storm+ToO prevented full sched),1352-63,616.5
26,11/12/2011,319.163,-0.421,319.163-0.421,15 03 13.74, -59 04 30.5,J2000,-21.1,18 mins only (3cuts) (correlator+storm+ToO prevented full sched),1352-63,6.9
27,12/12/2011,326.662,0.52,326.662+0.520,15 45 02.95, -54 09 03.1,J2000,-38.6,24mins and 6mins day29 {plus further 6min bad rfi data in between},1613-586,29.1
27,12/12/2011,326.859,-0.677,326.859-0.677,15 51 14.19, -54 58 04.8,J2000,-58.1,24mins and 6mins day29 {plus further 6min bad rfi data in between},1613-586,22.4
27,12/12/2011,326.986,-0.031,326.986-0.031,15 49 07.67, -54 23 04.5,J2000,-60.7,24mins and 6mins day29 {plus further 6min bad rfi data in between},1613-586,1.7
27,12/12/2011,327.12,0.511,327.120+0.511,15 47 32.73, -53 52 38.4,J2000,-87.1,24mins and 6mins day29 {plus further 6min bad rfi data in between},1613-586,60
27,12/12/2011,327.282,-0.469,327.282-0.469,15 52 36.03, -54 32 24.0,J2000,0,24mins and 6mins day29 {plus further 6min bad rfi data in between},1613-586,4.1
27,12/12/2011,327.291,-0.578,327.291-0.578,15 53 07.65, -54 37 06.1,J2000,-37,24mins and 6mins day29 {plus further 6min bad rfi data in between},1613-586,3.4
27,12/12/2011,327.392,0.199,327.392+0.199,15 50 18.48, -53 57 06.3,J2000,-84.5,24mins and 6mins day29 {plus further 6min bad rfi data in between} [also has 327.395+0.197 in field (vel -89)],1613-586,11.4
27,12/12/2011,327.402,0.445,327.402+0.445,15 49 19.50, -53 45 13.9,J2000,-82.6,24mins and 6mins day29 {plus further 6min bad rfi data in between},1613-586,157.8
27,12/12/2011,327.566,-0.85,327.566-0.850,15 55 47.61, -54 39 11.4,J2000,-29.7,24mins and 6mins day29 {plus further 6min bad rfi data in between},1613-586,15
27,12/12/2011,327.59,-0.094,327.590-0.094,15 52 36.82, -54 03 18.7,J2000,-86.3,24mins and 6mins day29 {plus further 6min bad rfi data in between on day 27} [also has 327.618-0.111 in field (-97.6)],1613-586,5.2
27,12/12/2011,327.71,-0.394,327.710-0.394,15 54 32.98, -54 12 36.4,J2000,-78,24mins and 6mins day29 {plus further 6min bad rfi data in between on day 27},1613-586,4.2
27,12/12/2011,327.808,-0.634,327.808-0.634,15 56 06.91, -54 19 54.4,J2000,-42.3,12min good then 6min bad RFI scan then 8 min good,1613-586,3.2
27,12/12/2011,327.863,0.098,327.863+0.098,15 53 13.44, -53 44 01.8,J2000,-46.3,12min good then 6min bad RFI scan then 6 min good,1613-586,1.5
27,12/12/2011,327.945,-0.115,327.945-0.115,15 54 33.91, -53 50 44.3,J2000,-51.6,12min good then 6min bad RFI scan,1613-586,8.8
27,12/12/2011,328.14,-0.432,328.140-0.432,15 56 57.75, -53 57 48.7,J2000,-39.2,12 mins (only 2 cuts),1613-586,4.2
27,12/12/2011,328.164,0.587,328.164+0.587,15 52 42.37, -53 09 50.5,J2000,-91.9,12 mins (only 2 cuts),1613-586,2.2
27,12/12/2011,328.237,-0.547,328.237-0.547,15 57 58.28, -53 59 22.7,J2000,-44.7,12 mins (only 2 cuts) [also has 328.254-0.532 in field (vel -37.5)],1613-586,1481
28,13/12/2011,328.808,0.633,328.808+0.633,15 55 48.45, -52 43 06.6,J2000,-44.4,30mins {plus further 6min bad rfi data in between} [also has 328.809+0.633 in field (vel -44.2)],1613-586,425.2
28,13/12/2011,328.819,1.704,328.819+1.704,15 51 24.42, -51 53 05.4,J2000,-85.3,30mins {plus further 6min bad rfi data in between},1613-586,2.4
28,13/12/2011,328.942,0.565,328.942+0.565,15 56 46.17, -52 41 04.8,J2000,-90.9,30mins {plus further 6min bad rfi data in between},1613-586,3.3
28,13/12/2011,329.029,-0.205,329.029-0.205,16 00 31.80, -53 12 49.6,J2000,-37.1,30mins {plus further 6min bad rfi data in between} [also has 329.031-0.198 in field (vel -45.5)],1613-586,170.9
28,13/12/2011,329.066,-0.308,329.066-0.308,16 01 09.93, -53 16 02.6,J2000,-43.8,30mins {plus further 6min bad rfi data in between},1613-586,21.9
28,13/12/2011,329.183,-0.314,329.183-0.314,16 01 47.01, -53 11 43.3,J2000,-55.6,30mins {plus further 6min bad rfi data in between},1613-586,10.7
28,13/12/2011,329.272,0.115,329.272+0.115,16 00 21.77, -52 48 48.1,J2000,-72,30mins {plus further 12min bad rfi data in between},1613-586,2
28,13/12/2011,329.339,0.148,329.339+0.148,16 00 33.13, -52 44 39.8,J2000,-106.4,30mins {plus further 12min bad rfi data in between},1613-586,27.2
28,13/12/2011,329.341,-0.644,329.341-0.644,16 04 01.70, -53 20 21.1,J2000,-81.4,30mins {plus further 12min bad rfi data in between},1613-586,3
28,13/12/2011,329.405,-0.459,329.405-0.459,16 03 32.16, -53 09 30.5,J2000,-70.5,30mins {plus further 12min bad rfi data in between} [also has 329.407-0.459 in field (vel -66.8)],1613-586,33
28,13/12/2011,329.469,0.503,329.469+0.503,15 59 40.71, -52 23 27.3,J2000,-72,18mins then 12min bad rfi,1613-586,21.6
28,13/12/2011,329.526,0.216,329.526+0.216,16 01 11.70, -52 34 14.5,J2000,-92.8,18mins then 12min bad rfi [also has 329.556+0.181 in field (vel -108.8)],1613-586,2.7
28,13/12/2011,329.61,0.114,329.610+0.114,16 02 03.14, -52 35 33.5,J2000,-60.1,18mins then 6min bad rfi then 6min ant 5 baselines out [also has 329.622+0.138 in field (vel -85)],1613-586,49.9
28,13/12/2011,329.719,1.164,329.719+1.164,15 58 07.09, -51 43 32.6,J2000,-75.8,18mins then 6min bad rfi then 6min ant 5 baselines out,1613-586,24.4
28,13/12/2011,332.295,-0.094,332.295-0.094,16 05 41.72, -49 11 30.3,J2000,-47.1,18mins then 6min bad rfi then 6min ant 5 baselines out,1613-586,8.2
29,14/12/2011,337.92,-0.456,337.920-0.456,16 41 06.05, -47 07 02.1,J2000,-37.9,30mins,1740-517,27.9
29,14/12/2011,337.966,-0.169,337.966-0.169,16 40 01.09, -46 53 34.5,J2000,-59.5,30mins,1740-517,9.5
29,14/12/2011,337.844,-0.375,337.844-0.375,16 40 26.67, -47 07 13.4,J2000,-38.6,30mins,1740-517,4.4
29,14/12/2011,338.069,0.011,338.069+0.011,16 39 37.95, -46 41 45.3,J2000,-40,30mins [also has 338.075+0.012 and 338.075+0.009 in field],1740-517,2
29,14/12/2011,338.14,0.178,338.140+0.178,16 39 10.92, -46 31 55.2,J2000,-34.4,30mins,1740-517,3.8
29,14/12/2011,338.16,-0.064,338.160-0.064,16 40 18.70, -46 40 37.8,J2000,-66.1,30mins,1740-517,2.3
29,14/12/2011,338.28,0.542,338.280+0.542,16 38 09.08, -46 11 03.1,J2000,-56.7,30mins,1740-517,6.9
29,14/12/2011,338.396,-0.007,338.396-0.007,16 40 58.41, -46 27 47.8,J2000,-48.8,30mins [also has 338.432+0.058 in field(-30.2)],1740-517,3.6
29,14/12/2011,338.461,-0.245,338.461-0.245,16 42 15.50, -46 34 18.4,J2000,-51.8,30mins,1740-517,72.5
29,14/12/2011,338.497,0.207,338.497+0.207,16 40 25.89, -46 14 43.5,J2000,-28.1,30mins [also has 338.561+0.218 and 338.472+0.289 in field],1740-517,2.5
29,14/12/2011,338.566,0.11,338.566+0.110,16 41 07.03, -46 15 28.3,J2000,-78.1,30mins,1740-517,10
29,14/12/2011,338.85,0.409,338.850+0.409,16 40 54.29, -45 50 52.0,J2000,-55.7,30mins,1740-517,1.4
29,14/12/2011,338.925,0.557,338.925+0.557,16 40 33.53, -45 41 37.1,J2000,-62.3,"33mins [also has 338.920+0.550, 338.925+0.634, 338.926+0.634]",1740-517,5
29,14/12/2011,339.053,-0.315,339.053-0.315,16 44 48.99, -46 10 13.0,J2000,-111.7,33mins,1740-517,126
30,17/01/2012,319.836,-0.197,319.836-0.197,15 06 54.65, -58 33 00.0,J2000,-9,18mins / 12mins w/o ant 1 [also 6mins on day 26],1352-63,0.7
30,17/01/2012,320.123,-0.504,320.123-0.504,15 10 00.17, -58 40 18.0,J2000,-10.1,18mins / 12mins w/o ant 1,1352-63,3.7
30,17/01/2012,320.231,-0.284,320.231-0.284,15 09 51.94, -58 25 38.5,J2000,-62.5,18mins / 12mins w/o ant 1,1352-63,31.9
30,17/01/2012,320.244,-0.562,320.244-0.562,15 11 01.61, -58 39 37.7,J2000,-49.7,18mins / 12mins w/o ant 1 {also has 320.263-0.534 in field (-49.7)},1352-63,1.6
30,17/01/2012,320.285,-0.308,320.285-0.308,15 10 19.00, -58 25 16.7,J2000,-69,18mins / 12mins w/o ant 1,1352-63,1
30,17/01/2012,320.424,0.089,320.424+0.089,15 09 41.56, -58 00 29.2,J2000,-6,18mins / 12mins w/o ant 1 {also has 320.427+0.103 in field (-13.4)},1352-63,0.8
30,17/01/2012,320.625,0.098,320.625+0.098,15 10 58.12, -57 53 53.4,J2000,-7.6,18mins / 12mins w/o ant 1,1352-63,0.4
30,17/01/2012,320.78,0.248,320.780+0.248,15 11 23.48, -57 41 25.1,J2000,-5.1,18mins / 12mins w/o ant 1,1352-63,40
30,17/01/2012,321.03,-0.485,321.030-0.485,15 15 51.79, -58 11 18.0,J2000,-66.2,18mins / 12mins w/o ant 1 {also has 321.033-0.483 in field (-61.2)},1352-63,6
30,17/01/2012,321.148,-0.529,321.148-0.529,15 16 48.39, -58 09 50.2,J2000,-66.1,12mins / [dodgy 6mins which will be flagged] / 18mins w/o ant 1,1352-63,8.5
30,17/01/2012,321.704,1.168,321.704+1.168,15 13 44.72, -56 25 34.4,J2000,-44.3,12mins / [dodgy 6mins which will be flagged] / 18mins w/o ant 1,1352-63,2.1
30,17/01/2012,322.158,0.636,322.158+0.636,15 18 34.64, -56 38 25.3,J2000,-63,12mins / [dodgy 6mins which will be flagged] / 18mins w/o ant 1,1352-63,253.9
30,17/01/2012,333.387,0.032,333.387+0.032,16 20 07.59, -50 04 47.2,J2000,-73.8,18mins / 12mins w/o ant 1,1613-586,2.8
30,17/01/2012,333.466,-0.164,333.466-0.164,16 21 20.18, -50 09 48.6,J2000,-42.3,18mins / 12mins w/o ant 1,1613-586,40.5
30,17/01/2012,333.562,-0.025,333.562-0.025,16 21 08.80, -49 59 48.0,J2000,-35.2,18mins / 12mins w/o ant 1,1613-586,51.6
31,17-18/01/12,188.784,1.033,188.784+1.033,06 09 06.28, +21 51 18.31,J2000,-5.5,30mins [will only span first 6 hrs of session],0550+032,7.8
31,17-18/01/12,188.946,0.886,188.946+0.886,06 08 53.32, +21 38 29.1,J2000,10.8,30mins [will only span first 6 hrs of session],0550+032,517.3
31,17-18/01/12,189.03,0.783,189.030+0.783,06 08 40.65, +21 31 07.0,J2000,8.9,30mins [will only span first 6 hrs of session],0550+032,11.1
31,17-18/01/12,189.467,1.217,189.467+1.217,06 02 07.52, +20 09 32.29,J2000,18.8,30mins [will only span first 6 hrs of session] NOTE LABELLED AS PLUS BUT POSITION IS NEGATIVE!,0550+032,2.1
31,17-18/01/12,189.778,0.345,189.778+0.345,06 08 35.28, +20 39 06.7,J2000,5.7,30mins [will only span first 6 hrs of session],0550+032,7.7
31,17-18/01/12,192.6,-0.048,192.600-0.048,06 12 53.99, +17 59 23.7,J2000,4.6,30mins [will only span first 6 hrs of session],0550+032,67.9
31,17-18/01/12,196.454,-1.677,196.454-1.677,06 14 37.03, +13 49 36.6,J2000,15.2,30mins [will only span first 6 hrs of session],0550+032,18.1
31,17-18/01/12,290.374,1.661,290.374R+1.661,11 12 18.10, -58 46 21.5,J2000,-24.2,168mins [LONG INTEGRATION!! (aiming for 2hrs)],1049-53,
31,17-18/01/12,305.822,-0.115,305.822-0.115,13 16 48.71, -62 50 38.1,J2000,-42.2,30mins / bonus 6mins w/o ant 6 pol aa and 1612mhz zoom,1352-63,
31,17-18/01/12,318.948,-0.196,318.948-0.196,15 00 55.40, -58 58 52.1,J2000,-34.6,30mins / bonus 6mins w/o ant 6 pol aa and 1612mhz zooms [failed on previous day 26],1352-63,616.5
31,17-18/01/12,319.163,-0.421,319.163-0.421,15 03 13.74, -59 04 30.5,J2000,-21.1,30mins / bonus 6mins w/o ant 6 pol aa and 1612mhz zooms [failed on previous day 26],1352-63,6.9
32,19/01/2012,323.766,-1.37,323.766-1.370,15 36 37.69, -57 24 01.6,J2000,46.6,36mins,1613-586,2.7
32,19/01/2012,323.793,-0.397,323.793-0.397,15 32 38.09, -56 35 36.5,J2000,-22.7,30mins,1613-586,2.1
32,19/01/2012,323.799,0.017,323.799+0.017,15 30 57.12, -56 15 01.5,J2000,-56.2,30mins,1613-586,4.3
32,19/01/2012,333.646,0.058,333.646+0.058,16 21 09.14, -49 52 45.9,J2000,-87.4,30mins,1613-586,10.9
32,19/01/2012,334.138,-0.023,334.138-0.023,16 23 39.56, -49 35 15.2,J2000,-31.2,30mins,1613-586,3.9
32,19/01/2012,334.307,-0.079,334.307-0.079,16 24 38.12, -49 30 24.5,J2000,-36.8,30mins,1613-586,1.8
32,19/01/2012,334.635,-0.015,334.635-0.015,16 25 45.73, -49 13 37.4,J2000,-30.1,36mins,1613-586,66.4
32,19/01/2012,334.935,-0.098,334.935-0.098,16 27 24.25, -49 04 11.3,J2000,-19.6,30mins,1613-586,4.6
32,19/01/2012,335.06,-0.427,335.060-0.427,16 29 23.13, -49 12 27.1,J2000,-31.1,30mins,1613-586,78
32,19/01/2012,342.484,0.183,342.484+0.183,16 55 02.30, -43 12 59.8,J2000,-41.9,33mins,1622-297,62.1
32,19/01/2012,344.581,-0.024,344.581-0.024,17 02 57.71, -41 41 53.8,J2000,1.6,34mins,1622-297,3.6
32,19/01/2012,345.498,1.467,345.498+1.467,16 59 42.84, -40 03 36.1,J2000,-14.2,30mins,1622-297,
32,19/01/2012,348.703,-1.043,348.703-1.043,17 20 04.06, -38 58 30.9,J2000,-3.5,36mins,1622-297,
32,19/01/2012,350.189,0.003,350.189+0.003,17 20 01.41, -37 09 30.7,J2000,-62.4,36mins,1622-297,
32,19/01/2012,350.356,-0.068,350.356-0.068,17 20 47.55, -37 03 42.0,J2000,-67.6,36mins,1622-297,
33,20/01/2012,337.097,-0.929,337.097-0.929,16 39 57.77, -48 02 49.1,J2000,-40.5,30mins,1613-586,7.5
33,20/01/2012,337.132,-0.068,337.132-0.068,16 36 17.67, -47 26 41.0,J2000,-60.5,30mins,1613-586,2.4
33,20/01/2012,337.153,-0.395,337.153-0.395,16 37 48.86, -47 38 56.5,J2000,-49.4,30mins,1613-586,22.1
33,20/01/2012,337.176,-0.032,337.176-0.032,16 36 18.84, -47 23 19.8,J2000,-64.7,30mins,1613-586,6.8
33,20/01/2012,337.201,0.114,337.201+0.114,16 35 46.56, -47 16 16.7,J2000,-57.2,30mins,1613-586,13.9
33,20/01/2012,337.202,-0.094,337.202-0.094,16 36 41.22, -47 24 40.2,J2000,-71.7,30mins,1613-586,1.9
33,20/01/2012,357.965,-0.164,357.965-0.164,17 41 20.14, -30 45 14.4,J2000,-8.6,36mins,1622-297,
33,20/01/2012,358.263,-2.061,358.263-2.061,17 49 37.63, -31 29 18.0,J2000,5,36mins,1622-297,16.2
33,20/01/2012,358.46,-0.391,358.460-0.391,17 43 26.76, -30 27 11.3,J2000,1.3,36mins,1622-297,
33,20/01/2012,358.841,-0.737,358.841R-0.737,17 45 44.29, -30 18 33.6,J2000,-20.7,36mins [failed on a previous day],1622-297,13.1
33,20/01/2012,358.906,0.106,358.906R+0.106,17 42 34.57, -29 48 46.8,J2000,-18.2,36mins [failed on a previous day],1622-297,2.4
33,20/01/2012,358.931,-0.03,358.931-0.030,17 43 10.02, -29 51 45.8,J2000,-15.9,36mins,1622-297,
33,20/01/2012,358.98,0.084,358.980+0.084,17 42 50.44, -29 45 40.4,J2000,6.2,30mins,1622-297,
33,20/01/2012,359.138,0.031,359.138+0.031,17 43 25.69, -29 39 17.4,J2000,-3.9,30mins,1622-297,
33,20/01/2012,359.615,-0.243,359.615-0.243,17 45 39.09, -29 23 30.0,J2000,19.3,30mins,1622-297,
34,21/01/2012,336.703,-0.099,336.703-0.099,16 34 42.76, -47 46 57.6,J2000,-35.7,30mins,1613-586,3
34,21/01/2012,336.994,-0.027,336.994-0.027,16 35 33.98, -47 31 11.7,J2000,-125.8,30mins,1613-586,33.3
34,21/01/2012,337.052,-0.226,337.052-0.226,16 36 40.12, -47 36 38.2,J2000,-77.6,30mins,1613-586,23.4
34,21/01/2012,337.258,-0.101,337.258-0.101,16 36 56.32, -47 22 26.4,J2000,-69.4,30mins {also has 337.263-0.070 in field (vel -40.1)},1613-586,8.1
34,21/01/2012,337.388,-0.21,337.388-0.210,16 37 56.01, -47 21 01.2,J2000,-56.3,30mins,1613-586,24.4
34,21/01/2012,337.404,-0.402,337.404-0.402,16 38 50.51, -47 28 00.3,J2000,-39.5,30mins,1613-586,73.7
34,21/01/2012,337.517,-0.348,337.517-0.348,16 39 03.09, -47 20 48.7,J2000,9.6,30mins,1613-586,0.7
34,21/01/2012,337.705,-0.053,337.705-0.053,16 38 29.63, -47 00 35.5,J2000,-54.6,30mins,1613-586,165.5
34,21/01/2012,337.71,0.089,337.710+0.089,16 37 53.41, -46 54 40.8,J2000,-72.6,30mins {also has 337.720+0.065 in field (vel -63.9)},1613-586,4.7
34,21/01/2012,2.615,0.134,002.615+0.134,17 51 12.30, -26 37 37.2,J2000,94.1,"39mins {phase cal not the best by the looks of things, circa 0.5 jy on vis and delay jump spikes, scans may need repeating?}",1742-078,
34,21/01/2012,2.703,0.04,002.703+0.040,17 51 45.98, -26 35 56.7,J2000,93.5,"36mins {phase cal not the best by the looks of things, circa 0.5 jy on vis and delay jump spikes, scans may need repeating?}",1742-078,
34,21/01/2012,3.502,-0.2,003.502-0.200,17 54 30.06, -26 01 59.4,J2000,43.9,"36mins {phase cal not the best by the looks of things, circa 0.5 jy on vis and delay jump spikes, scans may need repeating?}",1742-078,
34,21/01/2012,4.393,0.079,004.393R+0.079,17 55 25.77, -25 07 23.6,J2000,1.9,"36mins {phase cal not the best by the looks of things, circa 0.5 jy on vis and delay jump spikes, scans may need repeating?} [fail on previous]",1742-078,7.7
34,21/01/2012,4.434,0.129,004.434+0.129,17 55 19.74, -25 03 44.8,J2000,-1,"36mins {phase cal not the best by the looks of things, circa 0.5 jy on vis and delay jump spikes, scans may need repeating?}",1742-078,
34,21/01/2012,4.569,-0.079,004.569R-0.079,17 56 25.30, -25 03 03.7,J2000,9.5,"36mins {phase cal not the best by the looks of things, circa 0.5 jy on vis and delay jump spikes, scans may need repeating?} [fail on previous]",1742-078,0.6
35,22/01/2012,336.822,0.028,336.822+0.028,16 34 38.28, -47 36 32.2,J2000,-76.8,30mins,1613-586,22.9
35,22/01/2012,336.83,-0.375,336.830-0.375,16 36 26.19, -47 52 31.1,J2000,-22.8,30mins,1613-586,33.9
35,22/01/2012,336.916,-0.024,336.916-0.024,16 35 14.27, -47 34 30.1,J2000,-127.3,30mins,1613-586,
35,22/01/2012,336.941,-0.156,336.941-0.156,16 35 55.19, -47 38 45.4,J2000,-67.2,30mins,1613-586,22
35,22/01/2012,336.957,-0.225,336.957-0.225,16 36 16.99, -47 40 48.6,J2000,-68.1,30mins,1613-586,
35,22/01/2012,336.958,-0.977,336.958-0.977,16 39 37.55, -48 10 58.4,J2000,-49.4,30mins,1613-586,1.3
35,22/01/2012,359.938,0.17,359.938R+0.170,17 44 48.55, -28 53 59.4,J2000,-0.5,27mins [failed on a previous day],1622-297,1.6
35,22/01/2012,359.97,-0.457,359.970-0.457,17 47 20.17, -29 11 59.4,J2000,23.1,27mins,1622-297,2.2
35,22/01/2012,0.167,-0.446,000.167-0.446,17 47 45.46, -29 01 29.3,J2000,13.8,30mins,1622-297,4.4
35,22/01/2012,0.496,0.188,000.496+0.188,17 46 03.96, -28 24 52.8,J2000,0.9,30mins,1622-297,
35,22/01/2012,1.147,-0.124,001.147-0.124,17 48 48.53, -28 01 11.2,J2000,-15.3,30mins,1622-297,
35,22/01/2012,2.521,-0.22,002.521-0.220,17 52 21.17, -26 53 21.1,J2000,-6.1,30mins,1622-297,0.7
35,22/01/2012,4.586,0.028,004.586+0.028,17 56 03.23, -24 58 55.9,J2000,26.1,30mins,1710-269,
35,22/01/2012,4.676,0.276,004.676+0.276,17 55 18.34, -24 46 45.3,J2000,4.5,27mins [failed on a previous day],1710-269,2.5
35,22/01/2012,4.866,-0.171,004.866-0.171,17 57 25.96, -24 50 24.4,J2000,5.4,24mins,1710-269,0.6
36,23/01/2012,335.426,-0.24,335.426-0.240,16 30 05.58, -48 48 44.8,J2000,-50.6,[NAOMI OBSERVED] PROBLEMS SO NEED TO CHECK IN DATA HOW MUCH ON EACH SOURCE..,1613-586,91.2
36,23/01/2012,335.556,-0.307,335.556-0.307,16 30 55.96, -48 45 50.0,J2000,-116,[NAOMI OBSERVED]{also has 335.585-0.285 in field (vel -51.4)},1613-586,16.5
36,23/01/2012,335.726,0.191,335.726+0.191,16 29 27.37, -48 17 53.2,J2000,-44.4,[NAOMI OBSERVED],1613-586,75.4
36,23/01/2012,335.824,-0.177,335.824-0.177,16 31 28.33, -48 28 49.2,J2000,-26.1,[NAOMI OBSERVED],1613-586,1.4
36,23/01/2012,336.018,-0.827,336.018-0.827,16 35 09.30, -48 46 46.8,J2000,-53.3,[NAOMI OBSERVED],1613-586,179.6
36,23/01/2012,336.409,-0.257,336.409-0.257,16 34 13.20, -48 06 20.9,J2000,-85.5,[NAOMI OBSERVED]{also has 336.433-0.262 in field (vel -93)},1613-586,5
36,23/01/2012,336.526,-0.156,336.526-0.156,,,J2000,-94.8,[NAOMI OBSERVED],1613-586,
36,23/01/2012,350.686,-0.491,350.686-0.491,,,J2000,-13.8,[NAOMI OBSERVED],1622-297,
36,23/01/2012,353.37,-0.091,353.370-0.091,,,J2000,-45.7,[NAOMI OBSERVED],1622-297,
36,23/01/2012,354.206,-0.038,354.206-0.038,,,J2000,-37.1,[NAOMI OBSERVED],1622-297,
36,23/01/2012,354.308,-0.11,354.308-0.110,,,J2000,18.7,[NAOMI OBSERVED],1622-297,
36,23/01/2012,354.701,0.299,354.701+0.299,,,J2000,102.7,[NAOMI OBSERVED],1622-297,
36,23/01/2012,355.343,0.148,355.343+0.148,17 33 28.84, -32 48 00.2,J2000,5.8,[NAOMI OBSERVED][only 4 cuts on a previous day],1622-297,1.2
36,23/01/2012,355.642,0.398,355.642R+0.398,17 33 15.40, -32 24 46.8,J2000,-7.9,[NAOMI OBSERVED][only 4 cuts on a previous day],1622-297,1.9
37,24/01/2012,329.61,0.114,329.610R+0.114,16 02 03.14, -52 35 33.5,J2000,-60.1,[NAOMI OBSERVED] 30mins [failed on a previous day],1613-586,49.9
37,24/01/2012,329.719,1.164,329.719R+1.164,15 58 07.09, -51 43 32.6,J2000,-75.8,[NAOMI OBSERVED] 30mins [failed on a previous day],1613-586,24.4
37,24/01/2012,330.953,-0.182,330.953-0.182,16 09 52.36, -51 54 57.5,J2000,-87.6,[NAOMI OBSERVED] 30mins,1613-586,7.9
37,24/01/2012,339.204,-0.018,339.204-0.018,16 44 05.68, -45 51 43.3,J2000,-14.2,[NAOMI OBSERVED] 30mins,1613-586,2.4
37,24/01/2012,339.282,0.136,339.282+0.136,16 43 43.11, -45 42 08.0,J2000,-70.1,[NAOMI OBSERVED] 30mins {also has 339.294+0.139 in field (vel -74.6)},1613-586,6.9
37,24/01/2012,339.477,0.043,339.477+0.043,16 44 50.98, -45 36 56.1,J2000,-9.7,[NAOMI OBSERVED] 30mins,1613-586,2.4
37,24/01/2012,340.97,-1.022,340.970-1.022,16 54 57.32, -45 09 05.2,J2000,-31.3,[NAOMI OBSERVED] 30mins,1613-586,10.1
37,24/01/2012,341.99,-0.103,341.990-0.103,16 54 32.89, -43 46 51.4,J2000,-37,[NAOMI OBSERVED] 30mins,1613-586,1.3
37,24/01/2012,342.338,0.305,342.338+0.305,16 54 00.71, -43 15 12.3,J2000,-110.2,[NAOMI OBSERVED] 30mins,1613-586,1.1
37,24/01/2012,342.368,0.14,342.368+0.140,16 54 49.15, -43 20 03.6,J2000,-5.6,[NAOMI OBSERVED] 30mins,1613-586,
37,24/01/2012,342.446,-0.072,342.446-0.072,16 55 59.94, -43 24 22.5,J2000,-20.2,[NAOMI OBSERVED] 30mins,1613-586,1.6
37,24/01/2012,6.368,-0.052,006.368-0.052,18 00 15.82, -23 28 43.8,J2000,144.1,[NAOMI OBSERVED] 30mins,1710-269,1.5
37,24/01/2012,6.539,-0.108,006.539-0.108,18 00 50.86, -23 21 29.8,J2000,13.4,[NAOMI OBSERVED] 30mins,1710-269,
37,24/01/2012,6.795,-0.257,006.795-0.257,18 01 57.75, -23 12 34.9,J2000,16.3,[NAOMI OBSERVED] 30mins,1710-269,
38,26/01/2012,322.705,-0.331,322.705-0.331,15 25 47.52, -57 09 15.5,J2000,-21.6,30mins,1352-63,2
38,26/01/2012,323.459,-0.079,323.459-0.079,15 29 19.33, -56 31 22.8,J2000,-66.9,30mins,1352-63,15.2
38,26/01/2012,323.74,-0.263,323.740-0.263,15 31 45.45, -56 30 50.1,J2000,-50.5,30mins,1352-63,3231
38,26/01/2012,331.132,-0.244,331.132-0.244,16 10 59.77, -51 50 22.4,J2000,-84.3,30mins,1613-586,
38,26/01/2012,331.342,-0.346,331.342-0.346,16 12 26.45, -51 46 16.4,J2000,-65.1,30mins,1613-586,124.1
38,26/01/2012,331.425,0.264,331.425+0.264,16 10 09.36, -51 16 04.5,J2000,-88.8,30mins,1613-586,18.8
38,26/01/2012,331.442,-0.187,331.442-0.187,16 12 12.49, -51 35 10.1,J2000,-86.2,30mins,1613-586,77.2
38,26/01/2012,331.542,-0.066,331.542-0.066,16 12 09.02, -51 25 47.6,J2000,-84,30mins,1613-586,26.6
38,26/01/2012,332.295,-0.094,332.295-0.094,,,J2000,-47,30mins [failed on a previous day],1613-586,109
38,26/01/2012,332.813,-0.701,332.813-0.701,16 20 48.12, -51 00 15.6,J2000,-53.1,30mins,1613-586,12.9
38,26/01/2012,332.826,-0.549,332.826-0.549,16 20 10.85, -50 53 14.2,J2000,-61.7,30mins,1613-586,
38,26/01/2012,10.32,-0.259,010.320-0.259,18 09 23.30, -20 08 06.9,J2000,39,36mins,1710-269,
38,26/01/2012,10.444,-0.018,010.444-0.018,18 08 44.88, -19 54 38.2,J2000,73.4,36mins,1710-269,
38,26/01/2012,11.034,0.062,011.034+0.062,18 09 39.84, -19 21 20.3,J2000,20.6,36mins,1710-269,
38,26/01/2012,11.109,-0.114,011.109-0.114,18 10 28.25, -19 22 29.1,J2000,24.1,33mins,1710-269,
39,27/01/2012,291.27,-0.719,291.270R-0.719,11 11 49.44, -61 18 51.9,J2000,-26.5,45mins,1049-53,
39,27/01/2012,324.716,0.342,324.716+0.342,15 34 57.47, -55 27 23.6,J2000,-45.9,30mins,1613-586,10.8
39,27/01/2012,324.789,-0.378,324.789-0.378,15 38 22.85, -55 59 47.0,J2000,11.8,30mins,1613-586,1.7
39,27/01/2012,324.915,0.158,324.915+0.158,15 36 51.17, -55 29 22.9,J2000,-2.3,30mins,1613-586,12.1
39,27/01/2012,324.923,-0.568,324.923-0.568,15 39 57.64, -56 04 08.3,J2000,-78.3,30mins,1613-586,4.9
39,27/01/2012,325.659,-0.022,325.659-0.022,15 41 48.70, -55 11 27.0,J2000,29.4,30mins,1613-586,2.2
39,27/01/2012,326.323,-0.393,326.323-0.393,15 47 04.58, -55 04 50.4,J2000,-69.4,30mins,1613-586,2
39,27/01/2012,326.448,-0.748,326.448-0.748,15 49 18.63, -55 16 51.6,J2000,-71.7,30mins,1613-586,9
39,27/01/2012,326.475,0.703,326.475+0.703,15 43 16.64, -54 07 14.6,J2000,-38.5,30mins {also has 326.476+0.695 in field (-43.6)},1613-586,135
39,27/01/2012,326.608,0.799,326.608+0.799,15 43 35.99, -53 57 47.3,J2000,-45.2,30mins,1613-586,1.5
39,27/01/2012,326.641,0.611,326.641+0.611,15 44 33.33, -54 05 31.5,J2000,-42.6,30mins,1613-586,26.4
39,27/01/2012,333.128,-0.44,333.128-0.440,16 21 03.30, -50 35 49.5,J2000,-44.5,30mins,1613-586,
39,27/01/2012,333.234,-0.06,333.234-0.060,16 19 50.89, -50 15 10.7,J2000,-90.2,30mins,1613-586,1.5
39,27/01/2012,333.315,0.105,333.315+0.105,16 19 29.01, -50 04 41.3,J2000,-43.8,30mins,1613-586,13.2
39,27/01/2012,351.242,0.67,351.242+0.670,17 20 17.84, -35 54 46.0,J2000,2.5,30mins,1622-297,
40,28/01/2012,263.25,0.514,263.250R+0.514,08 48 47.84, -42 54 28.3,J2000,12.3,30mins {across about 6hrs lst range} [repeat],0823-500,68.9
40,28/01/2012,269.658,-1.27,269.658R-1.270,09 04 57.72, -48 56 18.4,J2000,16.2,30mins {across about 6hrs lst range} [repeat],0823-500,4.5
40,28/01/2012,270.255,0.835,270.255R+0.835,09 16 41.51, -47 56 12.1,J2000,4,30mins {across about 6hrs lst range} [repeat],0823-500,0.5
40,28/01/2012,327.808,-0.634,327.808-0.634,15 56 06.91, -54 19 54.4,J2000,-42.3,30mins,1613-586,
40,28/01/2012,327.863,0.098,327.863+0.098,15 53 13.44, -53 44 01.8,J2000,-46.3,30mins,1613-586,
40,28/01/2012,327.945,-0.115,327.945-0.115,15 54 33.91, -53 50 44.3,J2000,-51.6,30mins,1613-586,8.8
40,28/01/2012,328.14,-0.432,328.140-0.432,15 56 57.75, -53 57 48.7,J2000,-39.2,30mins,1613-586,4.2
40,28/01/2012,328.164,0.587,328.164+0.587,15 52 42.37, -53 09 50.5,J2000,-91.9,30mins,1613-586,2.2
40,28/01/2012,328.237,-0.547,328.237-0.547,15 57 58.28, -53 59 22.7,J2000,-44.7,30mins,1613-586,1481
40,28/01/2012,328.385,0.131,328.385+0.131,15 55 47.33, -53 22 30.8,J2000,29,30mins,1613-586,1.9
40,28/01/2012,329.469,0.503,329.469R+0.503,15 59 40.71, -52 23 27.3,J2000,-72,30mins [failed on a previous day],1613-586,21.6
40,28/01/2012,329.526,0.216,329.526R+0.216,16 01 11.70, -52 34 14.5,J2000,-92.8,30mins [failed on a previous day],1613-586,2.7
40,28/01/2012,11.992,-0.272,011.992-0.272,18 12 51.19, -18 40 38.4,J2000,59.8,30mins,1710-269,
40,28/01/2012,12.625,-0.017,012.625-0.017,18 13 11.30, -17 59 57.6,J2000,21.6,30mins,1710-269,
40,28/01/2012,12.681,-0.182,012.681-0.182,18 13 54.75, -18 01 46.6,J2000,57.5,30mins,1710-269,
41,31/05/2012,321.148,-0.529,321.148-0.529,15 16 48.39, -58 09 50.2,J2000,-66.1,30mins [REPEAT OF EARLIER OBSERVATIONS],1352-63,8.5
41,31/05/2012,321.704,1.168,321.704+1.168,15 13 44.72, -56 25 34.4,J2000,-44.3,30mins [REPEAT OF EARLIER OBSERVATIONS],1352-63,2.1
41,31/05/2012,322.158,0.636,322.158+0.636,15 18 34.64, -56 38 25.3,J2000,-63,30mins [REPEAT OF EARLIER OBSERVATIONS],1352-63,253.9
41,31/05/2012,335.426,-0.24,335.426-0.240,16 30 05.58, -48 48 44.8,J2000,-50.6,30mins [REPEAT OF EARLIER OBSERVATIONS],1613-586,91.2
41,31/05/2012,335.556,-0.307,335.556-0.307,16 30 55.96, -48 45 50.0,J2000,-116,30mins [REPEAT OF EARLIER OBSERVATIONS],1613-586,16.5
41,31/05/2012,335.726,0.191,335.726+0.191,16 29 27.37, -48 17 53.2,J2000,-44.4,30mins [REPEAT OF EARLIER OBSERVATIONS],1613-586,75.4
41,31/05/2012,335.824,-0.177,335.824-0.177,16 31 28.33, -48 28 49.2,J2000,-26.1,30mins [REPEAT OF EARLIER OBSERVATIONS],1613-586,1.4
41,31/05/2012,336.018,-0.827,336.018-0.827,16 35 09.30, -48 46 46.8,J2000,-53.3,30mins [REPEAT OF EARLIER OBSERVATIONS],1613-586,179.6
41,31/05/2012,336.409,-0.257,336.409-0.257,16 34 13.20, -48 06 20.9,J2000,-85.5,30mins [REPEAT OF EARLIER OBSERVATIONS],1613-586,5
41,31/05/2012,336.526,-0.156,336.526-0.156,16 34 15.00, -47 57 07.4,J2000,-94.8,30mins [REPEAT OF EARLIER OBSERVATIONS],1613-586,
41,31/05/2012,4.866,-0.171,004.866-0.171,17 57 25.96, -24 50 24.4,J2000,5.4,29mins [REPEAT OF EARLIER OBSERVATIONS],1710-269,0.6
41,31/05/2012,14.457,-0.143,014.457-0.143,18 17 18.79, -16 27 57.5,J2000,43.1,30mins,1710-269,
41,31/05/2012,14.49,0.014,014.490+0.014,18 16 48.06, -16 20 45.0,J2000,20.2,30mins,1710-269,
41,31/05/2012,14.604,0.017,014.604+0.017,18 17 01.14, -16 14 38.0,J2000,24.7,30mins,1710-269,
42,1/06/2012,320.244,-0.562,320.244-0.562,15 11 01.61, -58 39 37.7,J2000,-49.7,30mins [REPEAT OF EARLIER OBSERVATIONS],1613-586,1.6
42,1/06/2012,320.424,0.089,320.424+0.089,15 09 41.56, -58 00 29.2,J2000,-6,30mins [REPEAT OF EARLIER OBSERVATIONS],1613-586,0.8
42,1/06/2012,321.03,-0.485,321.030-0.485,15 15 51.79, -58 11 18.0,J2000,-66.2,30mins [REPEAT OF EARLIER OBSERVATIONS],1613-586,6
42,1/06/2012,333.387,0.032,333.387+0.032,16 20 07.59, -50 04 47.2,J2000,-73.8,30mins [REPEAT OF EARLIER OBSERVATIONS],1613-586,2.8
42,1/06/2012,333.466,-0.164,333.466-0.164,16 21 20.18, -50 09 48.6,J2000,-42.3,30mins [REPEAT OF EARLIER OBSERVATIONS],1613-586,40.5
42,1/06/2012,333.562,-0.025,333.562-0.025,16 21 08.80, -49 59 48.0,J2000,-35.2,30mins [REPEAT OF EARLIER OBSERVATIONS],1613-586,51.6
42,1/06/2012,350.686,-0.491,350.686-0.491,17 23 28.63, -37 01 48.8,J2000,-13.8,30mins [REPEAT OF EARLIER OBSERVATIONS],1710-269,
42,1/06/2012,351.775,-0.536,351.775-0.536,17 26 42.57, -36 09 17.6,J2000,1.3,30mins [REPEAT OF EARLIER OBSERVATIONS],1710-269,311.3
42,1/06/2012,353.37,-0.091,353.370-0.091,17 29 14.27, -34 34 50.2,J2000,-45.7,30mins [REPEAT OF EARLIER OBSERVATIONS],1710-269,
42,1/06/2012,354.206,-0.038,354.206-0.038,17 31 15.01, -33 51 15.1,J2000,-37.1,30mins [REPEAT OF EARLIER OBSERVATIONS],1710-269,
42,1/06/2012,354.308,-0.11,354.308-0.110,17 31 48.56, -33 48 29.1,J2000,18.7,30mins [REPEAT OF EARLIER OBSERVATIONS],1710-269,
42,1/06/2012,16.302,-0.196,016.302-0.196,18 21 07.83, -14 50 54.6,J2000,51.8,33mins,1908-201,
42,1/06/2012,16.403,-0.181,016.403-0.181,18 21 16.39, -14 45 09.0,J2000,39.2,33mins,1908-201,
42,1/06/2012,16.585,-0.051,016.585-0.051,18 21 09.13, -14 31 48.5,J2000,62.1,33mins,1908-201,
42,1/06/2012,17.638,0.157,017.638+0.157,18 22 26.30, -13 30 12.1,J2000,20.8,33mins,1908-201,34.2
42,1/06/2012,18.341,1.768,018.341+1.768,18 17 58.13, -12 07 24.8,J2000,28.1,36mins,1908-201,99.3
42,1/06/2012,18.834,-0.3,018.834-0.300,18 26 23.66, -12 39 38.0,J2000,41.2,36mins,1908-201,
43,2/06/2012,318.05,0.087,318.050+0.087,14 53 42.67, -59 08 52.4,J2000,-51.8,30mins [REPEAT OF EARLIER OBSERVATIONS],1613-586,12.6
43,2/06/2012,318.472,-0.214,318.472-0.214,14 57 42.86, -59 13 15.9,J2000,-19.1,30mins [REPEAT OF EARLIER OBSERVATIONS],1613-586,1.3
43,2/06/2012,319.836,-0.197,319.836-0.197,15 06 54.65, -58 33 00.0,J2000,-9,31mins [REPEAT OF EARLIER OBSERVATIONS],1613-586,0.7
43,2/06/2012,320.123,-0.504,320.123-0.504,15 10 00.17, -58 40 18.0,J2000,-10.1,31mins [REPEAT OF EARLIER OBSERVATIONS],1613-586,3.7
43,2/06/2012,320.231,-0.284,320.231-0.284,15 09 51.94, -58 25 38.5,J2000,-62.5,31mins [REPEAT OF EARLIER OBSERVATIONS],1613-586,31.9
43,2/06/2012,354.701,0.299,354.701+0.299,17 31 12.06, -33 15 16.7,J2000,102.7,33mins [REPEAT OF EARLIER OBSERVATIONS],1710-269,
43,2/06/2012,355.343,0.148,355.343+0.148,17 33 28.84, -32 48 00.2,J2000,5.8,33mins [REPEAT OF EARLIER OBSERVATIONS],1710-269,1.2
43,2/06/2012,355.642,0.398,355.642R+0.398,17 33 15.40, -32 24 46.8,J2000,-7.9,33mins [REPEAT OF EARLIER OBSERVATIONS],1710-269,1.9
43,2/06/2012,19.267,0.349,019.267+0.349,18 24 52.38, -11 58 28.2,J2000,16.3,36mins,1908-201,
43,2/06/2012,19.612,-0.12,019.612-0.120,18 27 13.48, -11 53 15.7,J2000,53,36mins,1908-201,
43,2/06/2012,19.614,0.011,019.614+0.011,18 26 45.24, -11 49 31.4,J2000,32.9,36mins,1908-201,
43,2/06/2012,19.667,0.117,019.667+0.117,18 26 28.97, -11 43 48.9,J2000,16.3,36mins,1908-201,
43,2/06/2012,19.701,-0.267,019.701-0.267,18 27 55.52, -11 52 40.3,J2000,43.8,36mins,1908-201,11.7
43,2/06/2012,19.755,-0.128,019.755-0.128,18 27 31.66, -11 45 55.0,J2000,123.1,36mins,1908-201,
43,2/06/2012,19.884,-0.534,019.884-0.534,18 29 14.37, -11 50 23.0,J2000,46.8,36mins,1908-201,6.8